-- postgres_ready.sql
-- Best-effort conversion from MySQL dump to PostgreSQL.
-- Please review the file before importing. Some manual fixes may still be required.

-- MySQL dump 10.13  Distrib 8.0.40, for Win64 (x86_64)
--
-- Host: localhost    Database: price_comparison_system
-- ------------------------------------------------------
-- Server version	8.0.40












--
-- Table structure for table "alerts"
--

DROP TABLE IF EXISTS "alerts";


CREATE TABLE "alerts" (
  "alert_id" integer GENERATED BY DEFAULT AS IDENTITY,
  "user_id" int NOT NULL,
  "user_type" varchar(100) NOT NULL,
  "message" text NOT NULL,
  "type" varchar(100) NOT NULL,
  "product_id" int DEFAULT NULL,
  "location_id" bigint  DEFAULT NULL,
  "created_at" timestamp NULL DEFAULT CURRENT_TIMESTAMP,
  "read_at" timestamp NULL DEFAULT NULL,
  PRIMARY KEY ("alert_id"),
  CONSTRAINT "alerts_ibfk_1" FOREIGN KEY ("product_id") REFERENCES "products" ("product_id"),
  CONSTRAINT "alerts_ibfk_2" FOREIGN KEY ("location_id") REFERENCES "supermarket_locations" ("location_id") ON DELETE CASCADE ON UPDATE CASCADE
);


--
-- Dumping data for table "alerts"
--



INSERT INTO "alerts" VALUES (117,15,'customer','Hurry! The deal on Rice (1 kg) at Lidl, Blaha Lujza tér expires on 23/04/2025!','price_change',NULL,NULL,'2025-04-23 13:06:42','2025-04-23 13:21:36'),(118,15,'customer','Hurry! The deal on Rice (1 kg) at Lidl, Blaha Lujza tér expires on 23/04/2025!','price_change',NULL,NULL,'2025-04-23 13:07:23','2025-04-23 13:21:35'),(127,15,'customer','Hurry! The deal on Rice (1 kg) at Lidl, Blaha Lujza tér expires on 23/04/2025!','price_change',NULL,NULL,'2025-04-23 13:11:12','2025-04-23 13:21:32'),(136,15,'customer','Hurry! The deal on Rice (1 kg) at Lidl, Blaha Lujza tér expires on 23/04/2025!','price_change',NULL,NULL,'2025-04-23 13:14:18','2025-04-23 13:21:30'),(145,15,'customer','Hurry! The deal on Rice (1 kg) at Lidl, Blaha Lujza tér expires on 23/04/2025!','price_change',NULL,NULL,'2025-04-23 13:16:39','2025-04-23 13:21:27'),(154,15,'customer','Hurry! The deal on Rice (1 kg) at Lidl, Blaha Lujza tér expires on 23/04/2025!','deal_expiration',NULL,NULL,'2025-04-23 13:19:16','2025-04-23 13:21:25'),(179,15,'customer','Hurry! The deal on Rice (1 kg) at Lidl, Blaha Lujza tér expires on 23/04/2025!','deal_expiration',NULL,NULL,'2025-04-23 13:30:41','2025-04-23 13:31:21'),(180,15,'customer','Hurry! The deal on Rice (1 kg) at Lidl, Blaha Lujza tér expires on 23/04/2025!','deal_expiration',NULL,NULL,'2025-04-23 13:30:41','2025-04-23 13:31:20'),(181,15,'customer','Hurry! The deal on Rice (1 kg) at Lidl, Blaha Lujza tér expires on 23/04/2025!','deal_expiration',NULL,NULL,'2025-04-23 13:36:07','2025-04-23 13:36:43'),(182,15,'customer','Hurry! The deal on Rice (1 kg) at Lidl, Blaha Lujza tér expires on 23/04/2025!','deal_expiration',NULL,NULL,'2025-04-23 13:36:07','2025-04-23 13:36:42'),(191,15,'customer','Hurry! The deal on Rice (1 kg) at Lidl, Blaha Lujza tér expires in 8 hours!','deal_expiration',NULL,NULL,'2025-04-23 13:40:44','2025-04-23 13:41:09'),(192,15,'customer','Hurry! The deal on Rice (1 kg) at Lidl, Blaha Lujza tér expires in 8 hours!','deal_expiration',NULL,NULL,'2025-04-23 13:40:44','2025-04-23 13:41:08'),(209,15,'customer','Hurry! The deal on Rice (1 kg) at Lidl, Blaha Lujza tér expires in 5 hours!','deal_expiration',NULL,NULL,'2025-04-23 13:44:50','2025-04-23 13:44:59'),(210,15,'customer','Hurry! The deal on Rice (1 kg) at Lidl, Blaha Lujza tér expires in 5 hours!','deal_expiration',NULL,NULL,'2025-04-23 13:44:50','2025-04-23 13:45:00'),(211,15,'customer','Hurry! The deal on Rice (1 kg) at Lidl, Blaha Lujza tér expires in 6 hours!','deal_expiration',NULL,NULL,'2025-04-23 13:48:08','2025-04-23 13:48:20'),(212,15,'customer','Hurry! The deal on Rice (1 kg) at Lidl, Blaha Lujza tér expires in 6 hours!','deal_expiration',NULL,NULL,'2025-04-23 13:48:08','2025-04-23 13:48:21'),(213,15,'customer','Hurry! The deal on Rice (1 kg) at Lidl, Blaha Lujza tér expires in 5 hours!','deal_expiration',NULL,NULL,'2025-04-23 13:50:30','2025-04-23 13:50:40'),(214,15,'customer','Hurry! The deal on Rice (1 kg) at Lidl, Blaha Lujza tér expires in 5 hours!','deal_expiration',NULL,NULL,'2025-04-23 13:50:30','2025-04-23 13:50:41'),(215,15,'customer','Hurry! The deal on Rice (1 kg) at Lidl, Blaha Lujza tér expires in 6 hours!','deal_expiration',NULL,NULL,'2025-04-23 13:53:46','2025-04-23 13:53:58'),(216,15,'customer','Hurry! The deal on Rice (1 kg) at Lidl, Blaha Lujza tér expires in 6 hours!','deal_expiration',NULL,NULL,'2025-04-23 13:53:46','2025-04-23 13:53:59'),(217,15,'customer','Hurry! The deal on Rice (1 kg) at Lidl, Blaha Lujza tér expires in -14 hours!','deal_expiration',NULL,NULL,'2025-04-23 13:54:30','2025-04-23 13:56:35'),(218,15,'customer','Hurry! The deal on Rice (1 kg) at Lidl, Blaha Lujza tér expires in -14 hours!','deal_expiration',NULL,NULL,'2025-04-23 13:54:30','2025-04-23 13:56:36'),(219,15,'customer','Hurry! The deal on Rice (1 kg) at Lidl, Blaha Lujza tér expires in 5 hours!','deal_expiration',NULL,NULL,'2025-04-23 13:58:06','2025-04-23 13:58:20'),(220,15,'customer','Hurry! The deal on Rice (1 kg) at Lidl, Blaha Lujza tér expires in 5 hours!','deal_expiration',NULL,NULL,'2025-04-23 13:58:06','2025-04-23 13:58:20'),(221,15,'customer','Hurry! The deal on Rice (1 kg) at Lidl, Blaha Lujza tér expires in 5 hours!','deal_expiration',NULL,NULL,'2025-04-23 13:58:57','2025-04-23 13:59:04'),(222,15,'customer','Hurry! The deal on Rice (1 kg) at Lidl, Blaha Lujza tér expires in 5 hours!','deal_expiration',NULL,NULL,'2025-04-23 13:58:57','2025-04-23 13:59:05'),(223,15,'customer','Hurry! The deal on Rice (1 kg) at Lidl, Blaha Lujza tér expires in 5 hours!','deal_expiration',NULL,NULL,'2025-04-23 13:59:16','2025-04-23 13:59:38'),(224,15,'customer','Hurry! The deal on Rice (1 kg) at Lidl, Blaha Lujza tér expires in 5 hours!','deal_expiration',NULL,NULL,'2025-04-23 13:59:16','2025-04-23 13:59:38'),(233,15,'customer','Hurry! The deal on Rice (1 kg) at Lidl, Blaha Lujza tér expires in 5 hours!','deal_expiration',NULL,NULL,'2025-04-23 14:00:27','2025-04-23 14:00:36'),(234,15,'customer','Hurry! The deal on Rice (1 kg) at Lidl, Blaha Lujza tér expires in 5 hours!','deal_expiration',NULL,NULL,'2025-04-23 14:00:27','2025-04-23 14:00:37'),(235,15,'customer','Hurry! The deal on Rice (1 kg) at Lidl, Blaha Lujza tér expires in 5 hours!','deal_expiration',NULL,NULL,'2025-04-23 14:00:46','2025-04-23 14:01:59'),(236,15,'customer','Hurry! The deal on Rice (1 kg) at Lidl, Blaha Lujza tér expires in 5 hours!','deal_expiration',NULL,NULL,'2025-04-23 14:00:46','2025-04-23 14:02:00'),(245,15,'customer','Hurry! The deal on Rice (1 kg) at Lidl, Blaha Lujza tér expires in 6 hours!','deal_expiration',NULL,NULL,'2025-04-23 14:03:00','2025-04-23 14:04:13'),(246,15,'customer','Hurry! The deal on Rice (1 kg) at Lidl, Blaha Lujza tér expires in 6 hours!','deal_expiration',NULL,NULL,'2025-04-23 14:03:00','2025-04-23 14:04:14'),(247,15,'customer','Hurry! The deal on Rice (1 kg) at Lidl, Blaha Lujza tér expires in 6 hours!','deal_expiration',NULL,NULL,'2025-04-23 14:04:32',NULL),(248,15,'customer','Hurry! The deal on Rice (1 kg) at Lidl, Blaha Lujza tér expires in 6 hours!','deal_expiration',NULL,NULL,'2025-04-23 14:04:32',NULL),(265,15,'customer','Hurry! The deal on Rice (1 kg) at Lidl, Blaha Lujza tér expires in 6 hours!','deal_expiration',NULL,NULL,'2025-04-23 14:09:27','2025-04-23 14:11:05'),(266,15,'customer','Hurry! The deal on Rice (1 kg) at Lidl, Blaha Lujza tér expires in 6 hours!','deal_expiration',NULL,NULL,'2025-04-23 14:09:27','2025-04-23 14:11:05'),(267,15,'customer','Hurry! The deal on Rice (1 kg) at Lidl, Blaha Lujza tér expires in 6 hours!','deal_expiration',NULL,NULL,'2025-04-23 14:13:45','2025-04-23 14:13:51'),(268,15,'customer','Hurry! The deal on Rice (1 kg) at Lidl, Blaha Lujza tér expires in 6 hours!','deal_expiration',NULL,NULL,'2025-04-23 14:13:45','2025-04-23 14:13:52'),(269,15,'customer','Hurry! The deal on Rice (1 kg) at Lidl, Blaha Lujza tér expires in 6 hours!','deal_expiration',NULL,NULL,'2025-04-23 14:13:59',NULL),(270,15,'customer','Hurry! The deal on Rice (1 kg) at Lidl, Blaha Lujza tér expires in 6 hours!','deal_expiration',NULL,NULL,'2025-04-23 14:13:59',NULL),(279,15,'customer','Hurry! The deal on Rice (1 kg) at Lidl, Blaha Lujza tér expires in 6 hours!','deal_expiration',NULL,NULL,'2025-04-23 14:16:12','2025-04-23 14:16:26'),(280,15,'customer','Hurry! The deal on Rice (1 kg) at Lidl, Blaha Lujza tér expires in 6 hours!','deal_expiration',NULL,NULL,'2025-04-23 14:16:12','2025-04-23 14:16:23'),(283,15,'customer','Hurry! The deal on Rice (1 kg) at Lidl, Blaha Lujza tér expires in 6 hours!','deal_expiration',NULL,NULL,'2025-04-23 14:21:06','2025-04-23 14:21:16'),(284,15,'customer','Hurry! The deal on Rice (1 kg) at Lidl, Blaha Lujza tér expires in 6 hours!','deal_expiration',NULL,NULL,'2025-04-23 14:21:06','2025-04-23 14:21:16'),(293,15,'customer','Hurry! The deal on Rice (1 kg) at Lidl, Blaha Lujza tér expires in 7 hours!','deal_expiration',NULL,NULL,'2025-04-23 14:22:31',NULL),(294,15,'customer','Hurry! The deal on Rice (1 kg) at Lidl, Blaha Lujza tér expires in 7 hours!','deal_expiration',NULL,NULL,'2025-04-23 14:22:31',NULL),(295,15,'customer','Hurry! The deal on Rice (1 kg) at Lidl, Blaha Lujza tér expires in 7 hours!','deal_expiration',NULL,NULL,'2025-04-23 14:25:41','2025-04-23 14:25:46'),(296,15,'customer','Hurry! The deal on Rice (1 kg) at Lidl, Blaha Lujza tér expires in 7 hours!','deal_expiration',NULL,NULL,'2025-04-23 14:25:41',NULL),(297,15,'customer','Hurry! The deal on Rice (1 kg) at Lidl, Blaha Lujza tér expires in 7 hours!','deal_expiration',NULL,NULL,'2025-04-23 14:38:53','2025-04-23 14:41:27'),(298,15,'customer','Hurry! The deal on Rice (1 kg) at Lidl, Blaha Lujza tér expires in 7 hours!','deal_expiration',NULL,NULL,'2025-04-23 14:38:53','2025-04-23 14:41:28'),(299,15,'customer','Hurry! The deal on Rice (1 kg) at Lidl, Blaha Lujza tér expires in 0 hours!','deal_expiration',NULL,NULL,'2025-04-23 14:41:48','2025-04-23 14:46:54'),(300,15,'customer','Hurry! The deal on Rice (1 kg) at Lidl, Blaha Lujza tér expires in 0 hours!','deal_expiration',NULL,NULL,'2025-04-23 14:41:48','2025-04-23 14:46:53'),(309,15,'customer','Hurry! The deal on Rice (1 kg) at Lidl, Blaha Lujza tér expires in 6 hours!','deal_expiration',NULL,NULL,'2025-04-23 14:47:06','2025-04-23 14:48:25'),(310,15,'customer','Hurry! The deal on Rice (1 kg) at Lidl, Blaha Lujza tér expires in 6 hours!','deal_expiration',NULL,NULL,'2025-04-23 14:47:06','2025-04-23 14:48:25'),(311,15,'customer','Hurry! The deal on Rice (1 kg) at Lidl, Blaha Lujza tér expires in 6 hours!','deal_expiration',NULL,NULL,'2025-04-23 14:49:05','2025-04-23 14:50:27'),(312,15,'customer','Hurry! The deal on Rice (1 kg) at Lidl, Blaha Lujza tér expires in 6 hours!','deal_expiration',NULL,NULL,'2025-04-23 14:49:05','2025-04-23 14:50:26'),(323,15,'customer','Hurry! The deal on Rice (1 kg) at Lidl, Blaha Lujza tér expires in 6 hours!','deal_expiration',NULL,NULL,'2025-04-23 14:50:54','2025-04-23 14:52:14'),(324,15,'customer','Hurry! The deal on Rice (1 kg) at Lidl, Blaha Lujza tér expires in 6 hours!','deal_expiration',NULL,NULL,'2025-04-23 14:50:54','2025-04-23 14:52:15'),(325,15,'customer','Hurry! The deal on Rice (1 kg) at Lidl, Blaha Lujza tér expires in 6 hours!','deal_expiration',NULL,NULL,'2025-04-23 14:52:10','2025-04-23 15:12:40'),(326,15,'customer','Hurry! The deal on Rice (1 kg) at Lidl, Blaha Lujza tér expires in 6 hours!','deal_expiration',NULL,NULL,'2025-04-23 14:52:10','2025-04-23 15:12:41'),(335,15,'customer','Hurry! The deal on Rice (1 kg) at Lidl, Blaha Lujza tér expires in 6 hours!','deal_expiration',NULL,NULL,'2025-04-23 14:58:16','2025-04-23 15:12:36'),(336,15,'customer','Hurry! The deal on Rice (1 kg) at Lidl, Blaha Lujza tér expires in 6 hours!','deal_expiration',NULL,NULL,'2025-04-23 14:58:16','2025-04-23 15:12:36'),(353,15,'customer','Hurry! The deal on Rice (1 kg) at Lidl, Blaha Lujza tér expires in 6 hours!','deal_expiration',NULL,NULL,'2025-04-23 15:02:20','2025-04-23 15:12:34'),(354,15,'customer','Hurry! The deal on Rice (1 kg) at Lidl, Blaha Lujza tér expires in 6 hours!','deal_expiration',NULL,NULL,'2025-04-23 15:02:20','2025-04-23 15:12:34'),(355,15,'customer','Hurry! The deal on Rice (1 kg) at Lidl, Blaha Lujza tér expires in 6 hours!','deal_expiration',NULL,NULL,'2025-04-23 15:03:07','2025-04-23 15:12:29'),(356,15,'customer','Hurry! The deal on Rice (1 kg) at Lidl, Blaha Lujza tér expires in 6 hours!','deal_expiration',NULL,NULL,'2025-04-23 15:03:07','2025-04-23 15:12:29'),(357,15,'customer','Hurry! The deal on Rice (1 kg) at Lidl, Blaha Lujza tér expires in 6 hours!','deal_expiration',NULL,NULL,'2025-04-23 15:05:00','2025-04-23 15:12:26'),(358,15,'customer','Hurry! The deal on Rice (1 kg) at Lidl, Blaha Lujza tér expires in 6 hours!','deal_expiration',NULL,NULL,'2025-04-23 15:05:00','2025-04-23 15:12:28'),(383,15,'customer','Hurry! The deal on Rice (1 kg) at Lidl, Blaha Lujza tér expires in 6 hours!','deal_expiration',NULL,NULL,'2025-04-23 15:12:20','2025-04-23 15:14:29'),(384,15,'customer','Hurry! The deal on Rice (1 kg) at Lidl, Blaha Lujza tér expires in 6 hours!','deal_expiration',NULL,NULL,'2025-04-23 15:12:20','2025-04-23 15:14:30'),(393,15,'customer','Hurry! The deal on Rice (1 kg) at Lidl, Blaha Lujza tér expires in 6 hours!','deal_expiration',NULL,NULL,'2025-04-23 15:14:57','2025-04-23 15:20:52'),(394,15,'customer','Hurry! The deal on Rice (1 kg) at Lidl, Blaha Lujza tér expires in 6 hours!','deal_expiration',NULL,NULL,'2025-04-23 15:14:57','2025-04-23 15:20:53'),(403,15,'customer','Hurry! The deal on Rice (1 kg) at Lidl, Blaha Lujza tér expires in 5 hours!','deal_expiration',NULL,NULL,'2025-04-23 15:21:15','2025-04-23 15:22:50'),(404,15,'customer','Hurry! The deal on Rice (1 kg) at Lidl, Blaha Lujza tér expires in 5 hours!','deal_expiration',NULL,NULL,'2025-04-23 15:21:15','2025-04-23 15:22:51'),(405,15,'customer','Hurry! The deal on Rice (1 kg) at Lidl, Blaha Lujza tér expires in 6 hours!','deal_expiration',NULL,NULL,'2025-04-23 15:23:03','2025-04-23 20:00:21'),(406,15,'customer','Hurry! The deal on Rice (1 kg) at Lidl, Blaha Lujza tér expires in 6 hours!','deal_expiration',NULL,NULL,'2025-04-23 15:23:03','2025-04-23 20:00:22'),(415,15,'customer','Hurry! The deal on Rice (1 kg) at Lidl, Blaha Lujza tér expires in 6 hours!','deal_expiration',NULL,NULL,'2025-04-23 15:25:05','2025-04-23 20:00:16'),(416,15,'customer','Hurry! The deal on Rice (1 kg) at Lidl, Blaha Lujza tér expires in 6 hours!','deal_expiration',NULL,NULL,'2025-04-23 15:25:05','2025-04-23 20:00:20'),(425,15,'customer','Hurry! The deal on Rice (1 kg) at Lidl, Blaha Lujza tér expires in 0 hours!','deal_expiration',NULL,NULL,'2025-04-23 15:31:08','2025-04-23 20:00:14'),(426,15,'customer','Hurry! The deal on Rice (1 kg) at Lidl, Blaha Lujza tér expires in 0 hours!','deal_expiration',NULL,NULL,'2025-04-23 15:31:08','2025-04-23 20:00:14'),(443,15,'customer','Hurry! The deal on Rice (1 kg) at Lidl, Blaha Lujza tér expires in -22 hours!','deal_expiration',NULL,NULL,'2025-04-23 20:01:13','2025-04-23 20:01:53'),(444,15,'customer','Hurry! The deal on Rice (1 kg) at Lidl, Blaha Lujza tér expires in -22 hours!','deal_expiration',NULL,NULL,'2025-04-23 20:01:13','2025-04-23 20:01:54'),(445,15,'customer','Hurry! The deal on Rice (1 kg) at Lidl, Blaha Lujza tér expires in -22 hours!','deal_expiration',NULL,NULL,'2025-04-23 20:01:44','2025-04-23 20:01:51'),(446,15,'customer','Hurry! The deal on Rice (1 kg) at Lidl, Blaha Lujza tér expires in -22 hours!','deal_expiration',NULL,NULL,'2025-04-23 20:01:44','2025-04-23 20:01:52'),(447,15,'customer','Hurry! The deal on Rice (1 kg) at Lidl, Blaha Lujza tér expires in -167 hours!','deal_expiration',NULL,NULL,'2025-04-23 20:02:54','2025-04-23 20:03:02'),(448,15,'customer','Hurry! The deal on Rice (1 kg) at Lidl, Blaha Lujza tér expires in -167 hours!','deal_expiration',NULL,NULL,'2025-04-23 20:02:54','2025-04-23 20:03:03'),(449,15,'customer','Hurry! The deal on Rice (1 kg) at Lidl, Blaha Lujza tér expires in 1 hours!','deal_expiration',NULL,NULL,'2025-04-23 20:03:28','2025-04-23 20:03:33'),(450,15,'customer','Hurry! The deal on Rice (1 kg) at Lidl, Blaha Lujza tér expires in 1 hours!','deal_expiration',NULL,NULL,'2025-04-23 20:03:28','2025-04-23 20:03:35'),(721,15,'customer','Hurry! The deal on Fish (0.5 kg) at Aldi, Aldi-Terez expires in 4 hours!','deal_expiration',17,1,'2025-04-27 03:39:05','2025-04-27 03:39:18'),(722,15,'customer','Hurry! The deal on Fish (0.5 kg) at Aldi, Aldi-Terez expires in 4 hours!','deal_expiration',17,1,'2025-04-27 03:39:05','2025-04-27 03:39:17'),(723,15,'customer','Hurry! The deal on Fish (0.5 kg) at Aldi, Aldi-Terez expires in 4 hours!','deal_expiration',17,1,'2025-04-27 03:39:05','2025-04-27 03:39:16'),(724,15,'customer','Hurry! The deal on Fish (0.5 kg) at Aldi, Aldi-Terez expires in 4 hours!','deal_expiration',17,1,'2025-04-27 03:39:05','2025-04-27 03:39:18'),(725,15,'customer','Fanta Orange (500ml) price dropped from $750 to $749 (0.1% savings) at Aldi Aldi-Terez','price_change',20,1,'2025-04-27 16:21:15','2025-04-28 08:38:31'),(726,15,'customer','Fanta Orange (500ml) price dropped from $751 to $750 (0.1% savings) at Aldi Aldi-Terez','price_change',20,1,'2025-04-27 16:21:36','2025-04-28 08:38:30'),(727,15,'customer','Fanta Orange (500ml) price dropped from $750 to $740 (1.3% savings) at Aldi Aldi-Terez','price_change',20,1,'2025-04-28 08:38:18','2025-04-28 08:38:30'),(728,15,'customer','Bananas (1 kg) price dropped from $700 to $699 (0.1% savings) at Aldi Aldi-Terez','price_change',7,1,'2025-04-28 11:00:22',NULL),(729,15,'customer','Bananas (1 kg) price dropped from $699 to $698 (0.1% savings) at Aldi Aldi-Terez','price_change',7,1,'2025-04-28 11:00:44',NULL),(730,15,'customer','Beef (0.5 kg) price dropped from $3996 to $3799 (4.9% savings) at Aldi Aldi-Terez','price_change',18,1,'2025-04-28 12:58:22',NULL),(731,15,'customer','Beef (0.5 kg) price dropped from $3996 to $3799 (4.9% savings) at Aldi Aldi-Terez','price_change',18,1,'2025-04-28 12:58:22',NULL),(732,15,'customer','Hurry! The deal on Beef (0.5 kg) at Aldi, Aldi-Terez expires in 4 hours!','deal_expiration',18,1,'2025-04-28 14:02:22',NULL),(733,15,'customer','Hurry! The deal on Beef (0.5 kg) at Aldi, Aldi-Terez expires in 4 hours!','deal_expiration',18,1,'2025-04-28 14:02:22',NULL),(734,15,'customer','Hurry! The deal on Beef (0.5 kg) at Aldi, Aldi-Terez expires in 4 hours!','deal_expiration',18,1,'2025-04-28 14:02:22',NULL),(735,15,'customer','Hurry! The deal on Beef (0.5 kg) at Aldi, Aldi-Terez expires in 4 hours!','deal_expiration',18,1,'2025-04-28 14:02:22',NULL),(736,18,'customer','Hurry! The deal on Milka Dark Chocolate at Aldi, Aldi-Terez expires in 1 hours!','deal_expiration',24,1,'2025-04-28 16:13:00',NULL),(737,15,'customer','Hurry! The deal on Milka Dark Chocolate at Aldi, Aldi-Terez expires in 1 hours!','deal_expiration',24,1,'2025-04-28 16:13:00','2025-04-28 20:04:24'),(738,18,'customer','Hurry! The deal on Milka Dark Chocolate at Aldi, Aldi-Terez expires in 1 hours!','deal_expiration',24,1,'2025-04-28 16:13:00',NULL),(739,15,'customer','Hurry! The deal on Milka Dark Chocolate at Aldi, Aldi-Terez expires in 1 hours!','deal_expiration',24,1,'2025-04-28 16:13:00','2025-04-28 20:04:25'),(740,15,'customer','CocaCola price dropped from $340 to $330 (2.9% savings) at Aldi Aldi-Terez','price_change',31,1,'2025-04-28 20:04:18','2025-04-28 20:04:23'),(741,21,'customer','Strawberry_Yoghurt (500ml) price dropped from $400 to $350 (12.5% savings) at Aldi Aldi-Terez','price_change',21,1,'2025-04-29 10:33:12',NULL),(742,21,'customer','Strawberry_Yoghurt (500ml) price dropped from $400 to $350 (12.5% savings) at Aldi Aldi-Terez','price_change',21,1,'2025-04-29 10:34:07',NULL),(743,15,'customer','Hurry! The deal on Beef (0.5 kg) at Penny, Penny-Opera expires in 11 hours!','deal_expiration',18,11,'2025-04-29 11:11:32',NULL),(744,15,'customer','Hurry! The deal on Beef (0.5 kg) at Penny, Penny-Opera expires in 11 hours!','deal_expiration',18,11,'2025-04-29 11:11:32',NULL),(745,21,'customer','Hurry! The deal on Milk (1 liter) at Naivas, Naivas-Ngara expires in -5 hours!','deal_expiration',1,27,'2025-11-01 02:14:49',NULL);



--
-- Table structure for table "categories"
--

DROP TABLE IF EXISTS "categories";


CREATE TABLE "categories" (
  "category_id" integer GENERATED BY DEFAULT AS IDENTITY,
  "category_name" varchar(100) DEFAULT NULL,
  PRIMARY KEY ("category_id"),
  UNIQUE ("category_name")
);


--
-- Dumping data for table "categories"
--



INSERT INTO "categories" VALUES (2,'Beverages'),(1,'Dairy'),(3,'Fruits'),(7,'Grains_and_Food'),(5,'Meat'),(8,'Snacks'),(6,'Sweets_and_Candies'),(4,'Vegetables');



--
-- Table structure for table "customers"
--

DROP TABLE IF EXISTS "customers";


CREATE TABLE "customers" (
  "user_id" integer GENERATED BY DEFAULT AS IDENTITY,
  "username" varchar(50) DEFAULT NULL,
  "email" varchar(100) DEFAULT NULL,
  "password_hash" varchar(255) DEFAULT NULL,
  "country" varchar(100) DEFAULT NULL,
  "currency_code" varchar(10) DEFAULT NULL,
  PRIMARY KEY ("user_id"),
  UNIQUE ("username"),
  UNIQUE ("email")
);


--
-- Dumping data for table "customers"
--



INSERT INTO "customers" VALUES (9,'a','a@gmail.com','$2b$10$z7vLf0bjzerSis6wY3Dk0.DKEyFc58OlaYws2XCs.tOoFYcAOd6PK','Hungary','HUF'),(10,'z','z@gmail.com','$2b$10$OXCVfcMhI8PsumibKeYlHOMq5sVEt0E2rVnxTHh93eBQNbrRC51Iy','Hungary','HUF'),(11,'s','s@gmail.com','$2b$10$aV.zRXxUS8cKK4RXljOxZ.Y3VmRm4pK6c3rb4JDFHg8RI04V8WM4.','Hungary','HUF'),(12,'d','d@gmail.com','$2b$10$YF.7k8vbdh.GyC6fzJQo5.2PHsyEz8AXZyK.5HdF2zsNCIdG2fsHW','Hungary','HUF'),(13,'e','e@gmail.com','$2b$10$rMCwQzHD55Ovns995aiU0.TUxJgC2f2EKIhjtkKtzbbK7/.JiAphe','Hungary','HUF'),(14,'g','g@gmail.com','$2b$10$5SpkFRynvdG7UiItlzlZGuNEkU/H/uDR4hS5nWUSZDBLDEXJO/bSS','Hungary','HUF'),(15,'i','i@gmail.com','$2b$10$4NFGVUO4UAA.XQSmn5cgJ.UR2OfDnP4JEXBKdx74gUvlhpprTxCIW','Hungary','HUF'),(16,'k','k@gmail.com','$2b$10$IqeJkBR.i6IxTaI9rYTlHubplD8zHPJ/HOBWCctmu8KC2Z2h6lLfW','Hungary','HUF'),(17,'jj','jj@gmail.com','$2b$10$aN7yUl1gPtwRbQojih3ls.cV6g4c29aiS/BJkK/dqtD4mS6cYaWry','Hungary','HUF'),(18,'tt','tt@gmail.com','$2b$10$IsaVkhopyridoMDbh4StEO.hIC1ei1KaIzmhY3858K/VpegAF/ljO','Hungary','HUF'),(19,'May','may@gmail.com','$2b$10$0hk2/mMBMp1IZOsH2LMynu8R8j1HvCRW5iKaRzZGHX3BlsLbXnM0S','Hungary','HUF'),(20,'ma','ma@gmail.com','$2b$10$DNT73de1NLhsF4ecPbCOYOI0k/uSvseKv7DLVzQJ7SEU7kR9kx4n6','Hungary','HUF'),(21,'Ava','ava@gmail.com','$2b$10$McfLryhdrTH..L8uDY.VO.ikfmwdNkFHFyJlGt6Ev3/rG50KbTyX6','Hungary','HUF'),(22,'o','o@gmail.com','$2b$10$eCijrOh8pjGDXbcD/6yNjeKVw05am9p008Pio3/8GoCjQQv6hGTaK','Hungary','HUF'),(23,'v','v@gmail.com','$2b$10$uhRoz2GQDV4vMC.o.XLnt.Zh.JA84AnSC8dvT3te5KMHlhFztKnUa','Hungary','HUF'),(24,'t','t@gmail.com','$2b$10$LPaOORcb.YWoa/VqrfIjy.IJOIGAMlUeK.wC6SCM3aThsuiiSI0M2','Hungary','HUF'),(25,'h','h@gmail.com','$2b$10$By3EqjOgntfhlBkJQK6YPucwivy.CsrUcXMPS1PV4Be3BhHogSsrO','Hungary','HUF'),(26,'f','f@gmail.com','$2b$10$h4xh7f9e.8aTt8efUuLrX.k6NEG7DzXS0/I.fhMJijiUIq6ig1QCK','Hungary','HUF'),(27,'di','di@gmail.com','$2b$10$90Vaqaa9cP7qRPPGvcX4O.TJqeiPKdxG1ikNeilbBrIpwfM5VHniC','Hungary','HUF'),(28,'da','da@gmail.com','$2b$10$5LlT9XJoQc71VArcBSi5XOFaowDtxASv.AJv3UZU6w9CPGZ5ZDOeK','Hungary','HUF'),(29,'y','y@gmail.com','$2b$10$AC7amynCGiCDWB60GBg76O.YjWrqCNGDUT5bltFpvbxZegYnlOdQ.','Hungary','HUF'),(30,'tu','tu@gmail.com','$2b$10$bvNVuRTgA/WLc/9fCtVr0ekTj7jBQ4ST.IhtRascf0y6bYjy8uavW','Hungary','HUF'),(31,'hu','hu@gmail.com','$2b$10$Xkd5DvgXhLhFgSCFIguWru24vVPGI3melO/55OxVFhY3lXilfBDU.','Hungary','HUF'),(32,'zu','zu@gmail.com','$2b$10$vthqBFgwtJ4DkemyajZ4VuRnJbQ7egjAnLb7/a3ivSDCG8wu8IFN.','Hungary','HUF'),(33,'kl','kl@gmail.com','$2b$10$dGzwHTKmYtSQrVxWbeDYTOdFN7rLpLo8AgAMGf31CeCQWGniYIDhe','Hungary','HUF'),(35,'j','j@gmail.com','$2b$10$GjVEyMC3HU52nZlVNBgtUu06N2Bzcrl.OWxtnulpo4vcAeraBJT06','Hungary','HUF'),(57,'Mary','mary@gmail.com','$2b$10$Q0Ss3YBUv9/nB9bZB2KyeudOr14pMe/FTo.VGk4D187NzAsqG6Sgm','Kenya','KES'),(59,'xy','xy@gmail.com','$2b$10$.5c48t90sslv1qQRyJ.Yy.VqGY6rruekGnp8hScCfAkwOBt2Suhf2','Kenya','KES'),(60,'xyz','xyz@gmail.com','$2b$10$yoqNdnt5OPgG5.X7GTNIpedn3TgXkrcmiPluLVjItSqK/1X.YFQ4u','Kenya','KES'),(61,'tysm','tysm@gmail.com','$2b$10$wmi3m0RJfR0RGNzQDo6DW.Y3rH5QqvKTOy0HWjl22Ex79VJ9AqG6m','Kenya','KES'),(62,'ttt','ttt@gmail.com','$2b$10$XcVNpbrLi0q0Faulpz/DtODXDlpL/JQf5xvAQ0TpgyXBDIQiMlrbq','Kenya','KES'),(63,'Betty','betty@gmail.com','$2b$10$.DQ/Ba.SQ/.oaNf1b5A8N.yMj8mxYLPvRliwTBIgM1KbDaMLzGxn6','Kenya','KES');



--
-- Table structure for table "deals"
--

DROP TABLE IF EXISTS "deals";


CREATE TABLE "deals" (
  "deal_id" integer GENERATED BY DEFAULT AS IDENTITY,
  "product_id" int DEFAULT NULL,
  "deal_start_date" timestamp NULL DEFAULT NULL,
  "deal_end_date" timestamp NULL DEFAULT NULL,
  "location_id" bigint  DEFAULT NULL,
  "deal_percentage" int DEFAULT NULL,
  PRIMARY KEY ("deal_id"),
  CONSTRAINT "deals_ibfk_1" FOREIGN KEY ("product_id") REFERENCES "products" ("product_id"),
  CONSTRAINT "fk_deals_location" FOREIGN KEY ("location_id") REFERENCES "supermarket_locations" ("location_id") ON DELETE CASCADE ON UPDATE CASCADE
);


--
-- Dumping data for table "deals"
--



INSERT INTO "deals" VALUES (156,35,'2025-11-05 18:45:00','2026-12-14 21:45:00',31,3),(157,36,'2025-11-05 18:48:00','2026-12-14 21:48:00',27,12),(158,38,'2025-11-05 18:49:00','2027-01-05 21:49:00',28,5),(159,56,'2025-11-05 18:50:00','2027-02-05 21:50:00',30,3),(160,43,'2025-11-05 18:52:00','2027-04-05 21:52:00',29,10);



--
-- Table structure for table "favorites"
--

DROP TABLE IF EXISTS "favorites";


CREATE TABLE "favorites" (
  "favorite_id" integer GENERATED BY DEFAULT AS IDENTITY,
  "user_id" int DEFAULT NULL,
  "product_id" int DEFAULT NULL,
  "price_id" int DEFAULT NULL,
  PRIMARY KEY ("favorite_id"),
  CONSTRAINT "favorites_ibfk_1" FOREIGN KEY ("user_id") REFERENCES "customers" ("user_id"),
  CONSTRAINT "favorites_ibfk_2" FOREIGN KEY ("product_id") REFERENCES "products" ("product_id"),
  CONSTRAINT "favorites_ibfk_3" FOREIGN KEY ("price_id") REFERENCES "prices" ("price_id")
);


--
-- Dumping data for table "favorites"
--



INSERT INTO "favorites" VALUES (11,15,17,422),(37,18,24,573),(38,15,24,573),(39,15,25,574),(41,15,18,443),(42,15,20,520),(43,15,7,157),(44,15,18,450),(45,15,5,105),(46,15,6,131),(48,14,4,92),(49,15,17,417),(51,15,31,642),(55,21,21,521),(56,21,6,137),(60,57,38,664),(61,57,37,662),(62,57,56,785),(63,63,33,652),(64,63,45,720),(65,63,45,678);



--
-- Table structure for table "owners"
--

DROP TABLE IF EXISTS "owners";


CREATE TABLE "owners" (
  "user_id" integer GENERATED BY DEFAULT AS IDENTITY,
  "username" varchar(50) NOT NULL,
  "email" varchar(100) NOT NULL,
  "password_hash" varchar(255) NOT NULL,
  "location_id" bigint  DEFAULT NULL,
  PRIMARY KEY ("user_id"),
  UNIQUE ("email"),
  UNIQUE ("username"),
  CONSTRAINT "fk_owners_location" FOREIGN KEY ("location_id") REFERENCES "supermarket_locations" ("location_id") ON DELETE CASCADE ON UPDATE CASCADE
);


--
-- Dumping data for table "owners"
--



INSERT INTO "owners" VALUES (1,'Go','go@gmail.com','$2b$10$3K0VVN5pHdjbGHYIQFkQ7O08FsIqYv5LYRgP6DWW40XVU8dRWvmJG',1),(2,'Adam','adam@gmail.com','$2b$10$ych5ps4blgMHOJeMK.OhgesD2vq4M0f4lkuCX9NNgvE6EpTagsa02',2),(3,'Anna','anna@gmail.com','$2b$10$7amRVJOZk7fKnWYmaBHR1eHZ2ASiyeV1tCBofv1LT83yhOfJH5th6',3),(4,'Klaudia','klaudia@gmail.com','$2b$10$m2RVt5qbH66IxV6c4kdkbeJDm9qKOhuOCNjyc59HOUO2njWACGXPu',4),(5,'Gabor','gabor@gmail.com','$2b$10$uAs7fgfiUtPYCMk4Pd.c.Ot0u7P.kDTMqfVAqLAaFtzDgkqg/oO0y',5),(6,'Bence','bence@gmail.com','$2b$10$Xx3ff9BuEzuqZfhAVOOMSOuawCitqHEW0noXv0o6t7ls8X3tJ7X4.',6),(7,'Zsofia','zsofia@gmail.com','$2b$10$ZPwz7QMlAeMQ3rQJ7raIDeTRe3puM9bvKEOOCjiJALPTyO2I1sDRe',7),(8,'Nora','nora@gmail.com','$2b$10$mFkmsUbe9ZOuqqICnLnoTO3YWk43zsU8gbyT.UdYk5T2u2o9M6lJu',8),(9,'Tibor','tibor@gmail.com','$2b$10$DBR6aG0Ol/b2v3fzfTkKSu4dW9gLs/LgLFiKBBuSufX9GqUuLklAi',9),(10,'Reka','reka@gmail.com','$2b$10$3KHz8mzIFUPU6hyhfn0b9.0pInpoAMo9tWWo0e.jNzMfL6Ee1Ajc6',10),(11,'Noah','noah@gmail.com','$2b$10$W4S1vifpNcbI7ECErympSO/SX3jm7PRpTlzmQ/ua/hpjA633WMHL.',11),(12,'Zoltan','zoltan@gmail.com','$2b$10$ddywgycTzCWtflxEB56BOupZPjBN1KCNQTcUbZMVHbs1R24XINGNe',12),(13,'Mate','mate@gmail.com','$2b$10$OsxstxkJp4sKk34hVPv.Fe.KN4HGdCHg/lxPS2G1FQXTZwGu7mTVa',13),(14,'Kata','kata@gmail.com','$2b$10$XbCzS7TXpg7kmZkoSo7g6enB9tfb0X0jVYt54yNE07Ns.kJdGSIRa',14),(15,'Natalie','natalie@gmail.com','$2b$10$is7vPz8blBnE.x0lh7WnUOWm5I2WQxp8zmH4vlNifxcAEmnqrBUJu',15),(16,'Melinda','melinda@gmail.com','$2b$10$W/ARxWNXLmLjTNTmeLS.K.8cSCwIwJvoeqprlLA1TjtP0gXQKU.pm',16),(17,'Attila','attila@gmail.com','$2b$10$oWEpqC9wQhCXXYx4iGTOP.4r7vf0bEdYtWWZXWm3uek5uDKRb.BZC',17),(18,'Laszlo','laszlo@gmail.com','$2b$10$mIX.0IS.hMOx4V4QtDewl../CEvrhNgYmc1Mlopq5bS2BM0.ISz6a',18),(19,'Helena','helena@gmail.com','$2b$10$6Fk3x6gcCP0Fw5P1rHkoGeAL/Fygb31qEA0JxcgE39sLo9akmC5O6',19),(20,'Istvan','istvan@gmail.com','$2b$10$QiK8atw70SW2yTG8YHBZDeddUL6PnFsR19M/59OFMSm2ptvVtTSva',20),(21,'Dora','dora@gmail.com','$2b$10$RMOgSn.A/BJFMB11ndgXD.oh47JOT99VmGee.KuDqcUC0ySIcm6Ym',21),(22,'Krisztina','krisztina@gmail.com','$2b$10$vO8ROIx6vKFH39nVob4ZdehgxXTV7RHGSuWN5RsgkjS/nE6YvFZVK',22),(23,'Julia','julia@gmail.com','$2b$10$3FX7tlnI60dKsA6PeANSoecXM9qixS8dGkOajYbuHCoi8xYrUYpAm',23),(24,'Aniko','aniko@gmail.com','$2b$10$0gAkVMN5DqPHMt13MKqYi.LJSCGyJN99XExJ.1GQFsYyh/irZvZke',24),(25,'Balasz','balasz@gmail.com','$2b$10$d/pBn1.0GxlczK/zTxV90.ja4e2yfBfd9ZRGOPKr4/iYftAKcMGJm',25),(26,'Edit','edit@gmail.com','$2b$10$3DhFK6DjyeIin11VN/hj/.RpB3UGPYLLNLx4OkgkWm5mhcOdT8JBK',26),(27,'Erica','erica@gmail.com','$2b$10$u2djurf.G.FXolTbb1uc1u.3TOaiOovuNd.RHfUnFAeWer6R5Ns1S',27),(28,'Nyce','nyce@gmail.com','$2b$10$gpeQJJtig5g6Z7bEKbqfm.XVY5PUK4NFkKrdzyxjtrk1Rvq60h.fC',28),(29,'Brian','brian@gmail.com','$2b$10$4Zn9clhYXfTpts5yJBknP.rSpIq3SsfMPHVppb5isvMeCzUp8THtO',29),(30,'Joy','joy@gmail.com','$2b$10$guEgYnh81anWlAI5OqDqhOOtcr4HPx2v6N4GnqsjqFGdPHpEuK.EG',30),(31,'Peter','peter@gmail.com','$2b$10$lEGMm2Hh0oyhGUj0/TgfdurLjRf5/BPb5BCudgYGjt8W1OAsABggK',31);



--
-- Table structure for table "price_submissions"
--

DROP TABLE IF EXISTS "price_submissions";


CREATE TABLE "price_submissions" (
  "submission_id" integer GENERATED BY DEFAULT AS IDENTITY,
  "customer_id" int NOT NULL,
  "product_id" int NOT NULL,
  "location_id" bigint  NOT NULL,
  "new_price" decimal(10,2) NOT NULL,
  "evidence_url" varchar(255) DEFAULT NULL,
  "evidence_image" varchar(255) DEFAULT NULL,
  "status" varchar(100) DEFAULT 'pending',
  "created_at" timestamp NULL DEFAULT CURRENT_TIMESTAMP,
  "approved_at" timestamp NULL DEFAULT NULL,
  "rejected_at" timestamp NULL DEFAULT NULL,
  PRIMARY KEY ("submission_id"),
  CONSTRAINT "price_submissions_ibfk_1" FOREIGN KEY ("customer_id") REFERENCES "customers" ("user_id"),
  CONSTRAINT "price_submissions_ibfk_2" FOREIGN KEY ("product_id") REFERENCES "products" ("product_id"),
  CONSTRAINT "price_submissions_ibfk_3" FOREIGN KEY ("location_id") REFERENCES "supermarket_locations" ("location_id") ON DELETE CASCADE ON UPDATE CASCADE
);


--
-- Dumping data for table "price_submissions"
--



INSERT INTO "price_submissions" VALUES (30,15,7,1,700.00,'',NULL,'approved','2025-04-28 11:34:17','2025-04-28 11:34:22',NULL),(31,15,18,1,3699.00,'',NULL,'approved','2025-04-28 13:45:34','2025-04-28 13:45:39',NULL),(32,15,27,1,360.00,'',NULL,'rejected','2025-04-28 20:01:10',NULL,'2025-04-28 20:01:15'),(33,57,32,27,62.00,'',NULL,'rejected','2025-11-04 15:13:16',NULL,'2025-11-04 15:14:08'),(34,57,32,27,63.00,'https://www.w3schools.com/',NULL,'rejected','2025-11-04 15:16:44',NULL,'2025-11-04 15:17:07'),(35,57,32,27,62.00,'',NULL,'pending','2025-11-04 15:17:22',NULL,NULL),(36,57,35,27,343.00,NULL,NULL,'rejected','2025-11-05 10:38:22',NULL,'2025-11-05 10:39:17'),(37,57,35,27,343.00,NULL,'uploads\\evidence\\1762339171550-571158756.jpg','rejected','2025-11-05 10:39:31',NULL,'2025-11-05 10:41:36'),(38,57,35,27,53.00,'https://www.w3schools.com/','uploads\\evidence\\1762339390722-548788911.jpg','rejected','2025-11-05 10:43:10',NULL,'2025-11-05 10:43:24'),(39,57,35,27,22.00,NULL,'uploads\\evidence\\1762339420028-964122421.jpg','rejected','2025-11-05 10:43:40',NULL,'2025-11-05 10:51:14'),(40,57,35,27,667.00,NULL,'uploads\\evidence\\1762339854830-747495624.jpg','rejected','2025-11-05 10:50:54',NULL,'2025-11-05 10:51:17'),(41,57,35,27,4.00,NULL,NULL,'rejected','2025-11-05 11:48:04',NULL,'2025-11-05 11:48:13'),(42,57,35,27,999.00,NULL,'uploads\\evidence\\1762343350919-798505104.jpg','rejected','2025-11-05 11:49:10',NULL,'2025-11-05 11:50:23'),(43,57,35,27,999.00,'https://files.fm/u/rzx3af6srr','uploads\\evidence\\1762343373881-658956571.jpg','rejected','2025-11-05 11:49:33',NULL,'2025-11-05 11:50:39'),(44,57,35,27,88.00,NULL,'uploads\\evidence\\1762343415427-710903861.jpg','rejected','2025-11-05 11:50:15',NULL,'2025-11-05 11:50:36'),(45,57,35,27,77.00,'https://files.fm/u/rzx3af6srr','uploads\\evidence\\1762343456372-381515203.jpg','rejected','2025-11-05 11:50:56',NULL,'2025-11-05 11:51:08'),(46,57,35,27,999.00,'https://files.fm/u/rzx3af6srr','uploads\\evidence\\1762343490949-565998825.jpg','rejected','2025-11-05 11:51:30',NULL,'2025-11-05 11:54:28'),(47,57,35,27,777.00,'https://files.fm/u/rzx3af6srr',NULL,'rejected','2025-11-05 11:54:58',NULL,'2025-11-05 11:55:12'),(48,57,35,27,4675.00,NULL,'uploads\\evidence\\1762343749761-56060112.png','rejected','2025-11-05 11:55:49',NULL,'2025-11-05 11:55:57'),(49,57,35,27,99999.00,'https://files.fm/u/rzx3af6srr','uploads\\evidence\\1762343769626-271254546.png','rejected','2025-11-05 11:56:10',NULL,'2025-11-05 11:56:46'),(50,57,35,27,8888.00,'https://files.fm/u/rzx3af6srr','uploads\\evidence\\1762343814363-702323910.png','rejected','2025-11-05 11:56:54',NULL,'2025-11-05 11:57:00'),(51,57,35,27,7.00,NULL,NULL,'rejected','2025-11-05 12:48:25',NULL,'2025-11-05 12:48:34'),(52,57,35,27,790.00,'https://files.fm/u/rzx3af6srr',NULL,'rejected','2025-11-05 12:48:46',NULL,'2025-11-05 12:48:56'),(53,57,35,27,9999.00,'https://www.w3schools.com/',NULL,'rejected','2025-11-05 12:49:10',NULL,'2025-11-05 12:49:45'),(54,57,35,27,777.00,'https://www.w3schools.com/',NULL,'rejected','2025-11-05 12:49:35',NULL,'2025-11-05 12:49:54'),(55,57,35,27,76655.00,NULL,'uploads\\evidence\\1762347015847-799951324.jpg','rejected','2025-11-05 12:50:15',NULL,'2025-11-05 12:50:50'),(56,57,35,27,77.00,NULL,'uploads\\evidence\\1762347062038-466857650.jpg','rejected','2025-11-05 12:51:02',NULL,'2025-11-05 12:51:55'),(57,57,35,27,999.00,'https://www.w3schools.com/','uploads\\evidence\\1762347125570-907705823.jpg','rejected','2025-11-05 12:52:05',NULL,'2025-11-05 12:52:27'),(58,57,35,27,8999.00,NULL,'uploads\\evidence\\1762347201969-782296525.jpg','rejected','2025-11-05 12:53:21',NULL,'2025-11-05 12:53:30'),(59,57,35,27,9876.00,'https://www.w3schools.com/','uploads\\evidence\\1762347226168-396047716.jpg','rejected','2025-11-05 12:53:46',NULL,'2025-11-05 12:57:19'),(60,57,35,27,777.00,NULL,'uploads\\evidence\\1762347461083-707996344.jpg','rejected','2025-11-05 12:57:41',NULL,'2025-11-05 12:57:51'),(61,57,35,27,7777.00,'https://www.w3schools.com/','uploads\\evidence\\1762347484532-984352782.jpg','rejected','2025-11-05 12:58:04',NULL,'2025-11-05 12:58:14'),(62,57,35,27,87.00,NULL,'uploads\\evidence\\1762347583061-381040118.jpg','rejected','2025-11-05 12:59:43',NULL,'2025-11-05 13:00:41'),(63,57,35,27,99999.00,NULL,'uploads\\evidence\\1762348030352-475088716.jpg','rejected','2025-11-05 13:07:10',NULL,'2025-11-05 13:07:17'),(64,57,35,27,876543.00,'https://www.w3schools.com/','uploads\\evidence\\1762348050225-758892587.jpg','rejected','2025-11-05 13:07:30',NULL,'2025-11-05 13:17:53'),(65,57,35,27,55.00,NULL,'uploads\\evidence\\1762348716418-517443196.jpg','rejected','2025-11-05 13:18:36',NULL,'2025-11-05 13:18:43'),(66,57,35,27,77.00,'https://www.w3schools.com/','uploads\\evidence\\1762348734703-55060281.jpg','rejected','2025-11-05 13:18:54',NULL,'2025-11-05 13:19:06'),(67,57,35,27,765.00,NULL,'uploads\\evidence\\1762349525641-621772964.png','rejected','2025-11-05 13:32:05',NULL,'2025-11-05 13:32:13'),(68,57,35,27,9876543.00,NULL,'uploads\\evidence\\1762349546781-14277323.png','rejected','2025-11-05 13:32:26',NULL,'2025-11-05 13:34:47'),(69,57,35,27,987.00,NULL,'uploads\\evidence\\1762350253763-807183902.jpg','rejected','2025-11-05 13:44:13',NULL,'2025-11-05 13:44:22'),(70,57,35,27,654.00,NULL,'uploads\\evidence\\1762350276087-898890107.jpg','rejected','2025-11-05 13:44:36',NULL,'2025-11-05 13:44:39'),(71,57,35,27,9876.00,NULL,'uploads\\evidence\\1762350291013-266014865.jpg','rejected','2025-11-05 13:44:51',NULL,'2025-11-05 13:45:12'),(72,57,35,27,66.00,NULL,'uploads\\evidence\\1762350326649-743194951.jpg','rejected','2025-11-05 13:45:26',NULL,'2025-11-05 13:46:09'),(73,57,35,27,44.00,NULL,'uploads\\evidence\\1762350401783-751200504.png','rejected','2025-11-05 13:46:41',NULL,'2025-11-05 13:46:49'),(74,57,35,27,34.00,NULL,'uploads\\evidence\\1762350424061-466758656.png','rejected','2025-11-05 13:47:04',NULL,'2025-11-05 13:47:10'),(75,57,35,27,88.00,NULL,'uploads\\evidence\\1762350440677-745776181.png','rejected','2025-11-05 13:47:20',NULL,'2025-11-05 13:47:25'),(76,60,35,27,123.00,NULL,NULL,'rejected','2025-11-05 13:48:09',NULL,'2025-11-05 13:48:32'),(77,60,35,27,321.00,'https://www.w3schools.com/',NULL,'rejected','2025-11-05 13:48:38',NULL,'2025-11-05 13:48:52'),(78,60,35,27,789.00,NULL,'uploads\\evidence\\1762350547812-197734354.jpg','rejected','2025-11-05 13:49:07',NULL,'2025-11-05 13:49:15'),(79,60,35,27,567.00,NULL,'uploads\\evidence\\1762350566812-638672255.jpg','rejected','2025-11-05 13:49:26',NULL,'2025-11-05 13:49:34'),(80,57,2,27,555.00,NULL,NULL,'pending','2025-11-05 18:10:04',NULL,NULL);



--
-- Table structure for table "prices"
--

DROP TABLE IF EXISTS "prices";


CREATE TABLE "prices" (
  "price_id" integer GENERATED BY DEFAULT AS IDENTITY,
  "product_id" int DEFAULT NULL,
  "location_id" bigint  NOT NULL,
  "price" decimal(10,2) NOT NULL,
  "last_updated" timestamp NULL DEFAULT CURRENT_TIMESTAMP,
  "on_deal" tinyint(1) DEFAULT NULL,
  PRIMARY KEY ("price_id"),
  CONSTRAINT "fk_prices_location" FOREIGN KEY ("location_id") REFERENCES "supermarket_locations" ("location_id") ON DELETE CASCADE ON UPDATE CASCADE,
  CONSTRAINT "prices_ibfk_1" FOREIGN KEY ("product_id") REFERENCES "products" ("product_id") ON DELETE CASCADE
);


--
-- Dumping data for table "prices"
--



INSERT INTO "prices" VALUES (1,1,1,400.00,'2025-04-13 20:28:24',0),(2,1,2,398.00,'2025-04-13 20:28:24',NULL),(3,1,3,351.00,'2025-04-13 20:28:24',0),(4,1,4,410.00,'2025-04-13 20:28:24',NULL),(5,1,5,450.00,'2025-04-13 20:28:24',NULL),(6,1,6,408.00,'2025-04-13 20:28:24',NULL),(7,1,7,320.00,'2025-04-13 20:28:24',0),(8,1,8,360.00,'2025-04-13 20:28:24',NULL),(9,1,9,368.00,'2025-04-13 20:28:24',NULL),(10,1,10,369.00,'2025-04-13 20:28:24',NULL),(11,1,11,370.00,'2025-04-13 20:28:24',NULL),(12,1,12,405.00,'2025-04-13 20:28:24',NULL),(13,1,13,375.00,'2025-04-13 20:28:24',NULL),(14,1,14,330.00,'2025-04-13 20:28:24',NULL),(15,1,15,340.00,'2025-04-13 20:28:24',NULL),(16,1,16,428.00,'2025-04-13 20:28:24',NULL),(17,1,17,351.00,'2025-04-13 20:28:24',NULL),(18,1,18,335.00,'2025-04-13 20:28:24',NULL),(19,1,19,338.00,'2025-04-13 20:28:24',NULL),(20,1,20,341.00,'2025-04-13 20:28:24',NULL),(21,1,21,352.00,'2025-04-13 20:28:24',NULL),(22,1,22,341.00,'2025-04-13 20:28:24',NULL),(23,1,23,350.00,'2025-04-13 20:28:24',NULL),(24,1,24,400.00,'2025-04-13 20:28:24',NULL),(25,1,25,346.00,'2025-04-13 20:28:24',NULL),(26,1,26,406.00,'2025-04-13 20:28:24',NULL),(27,2,1,401.00,'2025-04-13 20:28:24',0),(28,2,2,400.00,'2025-04-13 20:28:24',NULL),(29,2,3,400.00,'2025-04-13 20:28:24',NULL),(30,2,4,410.00,'2025-04-13 20:28:24',NULL),(31,2,5,500.00,'2025-04-13 20:28:24',NULL),(32,2,6,500.00,'2025-04-13 20:28:24',NULL),(33,2,7,510.00,'2025-04-13 20:28:24',NULL),(34,2,8,450.00,'2025-04-13 20:28:24',NULL),(35,2,9,470.00,'2025-04-13 20:28:24',NULL),(36,2,10,450.00,'2025-04-13 20:28:24',NULL),(37,2,11,400.00,'2025-04-13 20:28:24',NULL),(38,2,12,420.00,'2025-04-13 20:28:24',NULL),(39,2,13,410.00,'2025-04-13 20:28:24',NULL),(40,2,14,400.00,'2025-04-13 20:28:24',NULL),(41,2,15,400.00,'2025-04-13 20:28:24',NULL),(42,2,16,410.00,'2025-04-13 20:28:24',NULL),(43,2,17,430.00,'2025-04-13 20:28:24',NULL),(44,2,18,450.00,'2025-04-13 20:28:24',NULL),(45,2,19,398.00,'2025-04-13 20:28:24',NULL),(46,2,20,475.00,'2025-04-13 20:28:24',NULL),(47,2,21,350.00,'2025-04-13 20:28:24',NULL),(48,2,22,410.00,'2025-04-13 20:28:24',NULL),(49,2,23,360.00,'2025-04-13 20:28:24',NULL),(50,2,24,490.00,'2025-04-13 20:28:24',NULL),(51,2,25,375.00,'2025-04-13 20:28:24',NULL),(52,2,26,455.00,'2025-04-13 20:28:24',NULL),(53,3,1,990.00,'2025-04-13 20:28:24',0),(54,3,2,1100.00,'2025-04-13 20:28:24',NULL),(55,3,3,1240.00,'2025-04-13 20:28:24',1),(56,3,4,740.00,'2025-04-13 20:28:24',NULL),(57,3,5,1440.00,'2025-04-13 20:28:24',NULL),(58,3,6,1445.00,'2025-04-13 20:28:24',0),(59,3,7,1500.00,'2025-04-13 20:28:24',NULL),(60,3,8,880.00,'2025-04-13 20:28:24',NULL),(61,3,9,1010.00,'2025-04-13 20:28:24',NULL),(62,3,10,999.00,'2025-04-13 20:28:24',NULL),(63,3,11,1020.00,'2025-04-13 20:28:24',NULL),(64,3,12,998.00,'2025-04-16 18:20:52',NULL),(65,3,13,790.00,'2025-04-16 18:20:52',NULL),(66,3,14,1020.00,'2025-04-16 18:20:52',NULL),(67,3,15,700.00,'2025-04-16 18:20:52',0),(68,3,16,890.00,'2025-04-16 18:20:52',NULL),(69,3,17,880.00,'2025-04-16 18:20:52',NULL),(70,3,18,1015.00,'2025-04-16 18:20:52',NULL),(71,3,19,1000.00,'2025-04-16 18:20:52',NULL),(72,3,20,1350.00,'2025-04-16 18:20:52',NULL),(73,3,21,1300.00,'2025-04-16 18:20:52',NULL),(74,3,22,889.00,'2025-04-16 18:20:52',NULL),(75,3,23,950.00,'2025-04-16 18:20:52',NULL),(76,3,24,995.00,'2025-04-16 18:20:52',NULL),(77,3,25,920.00,'2025-04-16 18:20:52',NULL),(78,3,26,970.00,'2025-04-16 18:20:52',NULL),(79,4,1,1200.00,'2025-04-16 18:20:52',0),(80,4,2,1000.00,'2025-04-16 18:20:52',NULL),(81,4,3,1000.00,'2025-04-16 18:20:52',1),(82,4,4,890.00,'2025-04-16 18:20:52',NULL),(83,4,5,995.00,'2025-04-16 18:20:52',NULL),(84,4,6,995.00,'2025-04-16 18:20:52',0),(85,4,7,880.00,'2025-04-16 18:20:52',NULL),(86,4,8,1200.00,'2025-04-16 18:20:52',NULL),(87,4,9,1100.00,'2025-04-16 18:20:52',NULL),(88,4,10,884.00,'2025-04-16 18:20:52',NULL),(89,4,11,979.00,'2025-04-16 18:20:52',NULL),(90,4,12,1050.00,'2025-04-16 18:20:52',NULL),(91,4,13,899.00,'2025-04-16 18:20:52',NULL),(92,4,14,849.00,'2025-04-16 18:20:52',0),(93,4,15,1210.00,'2025-04-16 18:20:52',NULL),(94,4,16,1100.00,'2025-04-16 18:20:52',NULL),(95,4,17,1105.00,'2025-04-16 18:20:52',NULL),(96,4,18,1010.00,'2025-04-16 18:20:52',NULL),(97,4,19,999.00,'2025-04-16 18:20:52',NULL),(98,4,20,890.00,'2025-04-16 18:20:52',NULL),(99,4,21,1010.00,'2025-04-16 18:20:52',NULL),(100,4,22,1100.00,'2025-04-16 18:20:52',NULL),(101,4,23,1000.00,'2025-04-16 18:20:52',NULL),(102,4,24,1010.00,'2025-04-16 18:20:52',NULL),(103,4,25,1005.00,'2025-04-16 18:20:52',NULL),(104,4,26,1200.00,'2025-04-16 18:20:52',NULL),(105,5,1,1700.00,'2025-04-16 18:20:52',0),(106,5,2,1800.00,'2025-04-16 18:20:52',NULL),(107,5,3,1810.00,'2025-04-16 18:20:52',NULL),(108,5,4,1550.00,'2025-04-16 18:20:52',NULL),(109,5,5,1450.00,'2025-04-16 18:20:52',NULL),(110,5,6,1500.00,'2025-04-16 18:20:52',NULL),(111,5,7,1200.00,'2025-04-16 18:20:52',NULL),(112,5,8,1250.00,'2025-04-16 18:20:52',NULL),(113,5,9,1350.00,'2025-04-16 18:20:52',NULL),(114,5,10,1400.00,'2025-04-16 18:20:52',NULL),(115,5,11,1490.00,'2025-04-16 18:20:52',NULL),(116,5,12,1410.00,'2025-04-16 18:20:52',NULL),(117,5,13,1310.00,'2025-04-16 18:20:52',NULL),(118,5,14,1250.00,'2025-04-16 18:20:52',NULL),(119,5,15,1330.00,'2025-04-16 18:20:52',NULL),(120,5,16,1440.00,'2025-04-16 18:20:52',NULL),(121,5,17,1375.00,'2025-04-16 18:20:52',NULL),(122,5,18,1445.00,'2025-04-16 18:20:52',NULL),(123,5,19,1440.00,'2025-04-16 18:20:52',NULL),(124,5,20,1500.00,'2025-04-16 18:20:52',NULL),(125,5,21,1350.00,'2025-04-16 18:20:52',NULL),(126,5,22,1225.00,'2025-04-16 18:20:52',NULL),(127,5,23,1400.00,'2025-04-16 18:20:52',NULL),(128,5,24,1230.00,'2025-04-16 18:20:52',NULL),(129,5,25,1400.00,'2025-04-16 18:20:52',NULL),(130,5,26,1250.00,'2025-04-16 18:20:52',NULL),(131,6,1,699.00,'2025-04-16 18:20:52',0),(132,6,2,650.00,'2025-04-16 18:20:52',NULL),(133,6,3,750.00,'2025-04-16 18:20:52',NULL),(134,6,4,600.00,'2025-04-16 18:20:52',NULL),(135,6,5,780.00,'2025-04-16 18:20:52',NULL),(136,6,6,700.00,'2025-04-16 18:20:52',NULL),(137,6,7,550.00,'2025-04-16 18:20:52',NULL),(138,6,8,600.00,'2025-04-16 18:20:52',NULL),(139,6,9,650.00,'2025-04-16 18:20:52',NULL),(140,6,10,790.00,'2025-04-16 18:20:52',NULL),(141,6,11,990.00,'2025-04-16 18:20:52',NULL),(142,6,12,880.00,'2025-04-16 18:20:52',NULL),(143,6,13,800.00,'2025-04-16 18:20:52',NULL),(144,6,14,700.00,'2025-04-16 18:20:52',NULL),(145,6,15,750.00,'2025-04-16 18:20:52',NULL),(146,6,16,775.00,'2025-04-16 18:20:52',NULL),(147,6,17,880.00,'2025-04-16 18:20:52',NULL),(148,6,18,890.00,'2025-04-16 18:20:52',NULL),(149,6,19,760.00,'2025-04-16 18:20:52',NULL),(150,6,20,790.00,'2025-04-16 18:20:52',NULL),(151,6,21,795.00,'2025-04-16 18:20:52',NULL),(152,6,22,660.00,'2025-04-16 18:20:52',NULL),(153,6,23,690.00,'2025-04-16 18:20:52',NULL),(154,6,24,880.00,'2025-04-16 18:20:52',NULL),(155,6,25,990.00,'2025-04-16 18:20:52',NULL),(156,6,26,800.00,'2025-04-16 18:20:52',NULL),(157,7,1,700.00,'2025-04-16 18:20:52',0),(158,7,2,990.00,'2025-04-16 18:20:52',NULL),(159,7,3,690.00,'2025-04-16 18:20:52',NULL),(160,7,4,795.00,'2025-04-16 18:20:52',NULL),(161,7,5,760.00,'2025-04-16 18:20:52',NULL),(162,7,6,890.00,'2025-04-16 18:20:52',NULL),(163,7,7,995.00,'2025-04-16 18:20:52',NULL),(164,7,8,990.00,'2025-04-16 18:20:52',NULL),(165,7,9,665.00,'2025-04-16 18:20:52',NULL),(166,7,10,675.00,'2025-04-16 18:20:52',NULL),(167,7,11,600.00,'2025-04-16 18:20:52',NULL),(168,7,12,620.00,'2025-04-16 18:20:52',NULL),(169,7,13,700.00,'2025-04-16 18:20:52',NULL),(170,7,14,770.00,'2025-04-16 18:20:52',NULL),(171,7,15,880.00,'2025-04-16 18:20:52',NULL),(172,7,16,850.00,'2025-04-16 18:20:52',NULL),(173,7,17,810.00,'2025-04-16 18:20:52',NULL),(174,7,18,820.00,'2025-04-16 18:20:52',NULL),(175,7,19,880.00,'2025-04-16 18:20:52',NULL),(176,7,20,760.00,'2025-04-16 18:20:52',NULL),(177,7,21,765.00,'2025-04-16 18:20:52',NULL),(178,7,22,770.00,'2025-04-16 18:20:52',NULL),(179,7,23,790.00,'2025-04-16 18:20:52',NULL),(180,7,24,880.00,'2025-04-16 18:20:52',NULL),(181,7,25,999.00,'2025-04-16 18:20:52',NULL),(182,7,26,990.00,'2025-04-16 18:20:52',NULL),(183,8,1,900.00,'2025-04-16 18:20:52',0),(184,8,2,780.00,'2025-04-16 18:20:52',NULL),(185,8,3,880.00,'2025-04-16 18:20:52',NULL),(186,8,4,810.00,'2025-04-16 18:20:52',NULL),(187,8,5,800.00,'2025-04-16 18:20:52',NULL),(188,8,6,850.00,'2025-04-16 18:20:52',NULL),(189,8,7,950.00,'2025-04-16 18:20:52',NULL),(190,8,8,790.00,'2025-04-16 18:20:52',NULL),(191,8,9,750.00,'2025-04-16 18:20:52',NULL),(192,8,10,780.00,'2025-04-16 18:20:52',NULL),(193,8,11,850.00,'2025-04-16 18:20:52',NULL),(194,8,12,950.00,'2025-04-16 18:20:52',NULL),(195,8,13,930.00,'2025-04-16 18:20:52',NULL),(196,8,14,920.00,'2025-04-16 18:20:52',NULL),(197,8,15,820.00,'2025-04-16 18:20:52',NULL),(198,8,16,990.00,'2025-04-16 18:20:52',NULL),(199,8,17,1010.00,'2025-04-16 18:20:52',NULL),(200,8,18,800.00,'2025-04-16 18:20:52',NULL),(201,8,19,999.00,'2025-04-16 18:20:52',NULL),(202,8,20,8800.00,'2025-04-16 18:20:52',NULL),(203,8,21,990.00,'2025-04-16 18:20:52',NULL),(204,8,22,7500.00,'2025-04-16 18:20:52',NULL),(205,8,23,700.00,'2025-04-16 18:20:52',NULL),(206,8,24,650.00,'2025-04-16 18:20:52',NULL),(207,8,25,600.00,'2025-04-16 18:20:52',NULL),(208,8,26,880.00,'2025-04-16 18:20:52',NULL),(209,9,1,1100.00,'2025-04-16 18:20:52',0),(210,9,2,1310.00,'2025-04-16 18:20:52',NULL),(211,9,3,1270.00,'2025-04-16 18:20:52',NULL),(212,9,4,1250.00,'2025-04-16 18:20:52',NULL),(213,9,5,1450.00,'2025-04-16 18:20:52',NULL),(214,9,6,1100.00,'2025-04-16 18:20:52',NULL),(215,9,7,1010.00,'2025-04-16 18:20:52',NULL),(216,9,8,1450.00,'2025-04-16 18:20:52',NULL),(217,9,9,1320.00,'2025-04-16 18:20:52',NULL),(218,9,10,1330.00,'2025-04-16 18:20:52',NULL),(219,9,11,990.00,'2025-04-16 18:20:52',NULL),(220,9,12,999.00,'2025-04-16 18:20:52',NULL),(221,9,13,1240.00,'2025-04-16 18:20:52',NULL),(222,9,14,1330.00,'2025-04-16 18:20:52',NULL),(223,9,15,1220.00,'2025-04-16 18:20:52',NULL),(224,9,16,1205.00,'2025-04-16 18:20:52',NULL),(225,9,17,1200.00,'2025-04-16 18:20:52',NULL),(226,9,18,1010.00,'2025-04-16 18:20:52',NULL),(227,9,19,1340.00,'2025-04-16 18:20:52',NULL),(228,9,20,995.00,'2025-04-16 18:20:52',NULL),(229,9,21,1400.00,'2025-04-16 18:20:52',NULL),(230,9,22,1350.00,'2025-04-16 18:20:52',NULL),(231,9,23,1240.00,'2025-04-16 18:20:52',NULL),(232,9,24,1250.00,'2025-04-16 18:20:52',NULL),(233,9,25,1245.00,'2025-04-16 18:20:52',NULL),(234,9,26,1200.00,'2025-04-16 18:20:52',NULL),(235,10,1,400.00,'2025-04-16 18:20:52',0),(236,10,2,399.00,'2025-04-16 18:20:52',NULL),(237,10,3,410.00,'2025-04-16 18:20:52',NULL),(238,10,4,490.00,'2025-04-16 18:20:52',NULL),(239,10,5,470.00,'2025-04-16 18:20:52',NULL),(240,10,6,450.00,'2025-04-16 18:20:52',NULL),(241,10,7,455.00,'2025-04-16 18:20:52',NULL),(242,10,8,460.00,'2025-04-16 18:20:52',NULL),(243,10,9,380.00,'2025-04-16 18:20:52',NULL),(244,10,10,390.00,'2025-04-16 18:20:52',NULL),(245,10,11,399.00,'2025-04-16 18:20:52',NULL),(246,10,12,410.00,'2025-04-16 18:20:52',NULL),(247,10,13,400.00,'2025-04-16 18:20:52',NULL),(248,10,14,370.00,'2025-04-16 18:20:52',NULL),(249,10,15,499.00,'2025-04-16 18:20:52',NULL),(250,10,16,450.00,'2025-04-16 18:20:52',NULL),(251,10,17,410.00,'2025-04-16 18:20:52',NULL),(252,10,18,420.00,'2025-04-16 18:20:52',NULL),(253,10,19,430.00,'2025-04-16 18:20:52',NULL),(254,10,20,440.00,'2025-04-16 18:20:52',NULL),(255,10,21,450.00,'2025-04-16 18:20:52',NULL),(256,10,22,470.00,'2025-04-16 18:20:52',NULL),(257,10,23,480.00,'2025-04-16 18:20:52',NULL),(258,10,24,410.00,'2025-04-16 18:20:52',NULL),(259,10,25,400.00,'2025-04-16 18:20:52',NULL),(260,10,26,410.00,'2025-04-16 18:20:52',NULL),(261,11,1,398.00,'2025-04-16 18:20:52',NULL),(262,11,2,399.00,'2025-04-16 18:20:52',NULL),(263,11,3,400.00,'2025-04-16 18:20:52',NULL),(264,11,4,410.00,'2025-04-16 18:20:52',NULL),(265,11,5,350.00,'2025-04-16 18:20:52',NULL),(266,11,6,360.00,'2025-04-16 18:20:52',NULL),(267,11,7,370.00,'2025-04-16 18:20:52',NULL),(268,11,8,375.00,'2025-04-16 18:20:52',NULL),(269,11,9,399.00,'2025-04-16 18:20:52',NULL),(270,11,10,405.00,'2025-04-16 18:20:52',NULL),(271,11,11,377.00,'2025-04-16 18:20:52',NULL),(272,11,12,378.00,'2025-04-16 18:20:52',NULL),(273,11,13,399.00,'2025-04-16 18:20:52',NULL),(274,11,14,410.00,'2025-04-16 18:20:52',NULL),(275,11,15,400.00,'2025-04-16 18:20:52',NULL),(276,11,16,398.00,'2025-04-16 18:20:52',NULL),(277,11,17,385.00,'2025-04-16 18:20:52',NULL),(278,11,18,380.00,'2025-04-16 18:20:52',NULL),(279,11,19,360.00,'2025-04-16 18:20:52',NULL),(280,11,20,350.00,'2025-04-16 18:20:52',NULL),(281,11,21,430.00,'2025-04-16 18:20:52',NULL),(282,11,22,420.00,'2025-04-16 18:20:52',NULL),(283,11,23,380.00,'2025-04-16 18:20:52',NULL),(284,11,24,390.00,'2025-04-16 18:20:52',NULL),(285,11,25,399.00,'2025-04-16 18:20:52',NULL),(286,11,26,395.00,'2025-04-16 18:20:52',NULL),(287,12,1,299.00,'2025-04-16 18:20:52',NULL),(288,12,2,310.00,'2025-04-16 18:20:52',NULL),(289,12,3,300.00,'2025-04-16 18:20:52',NULL),(290,12,4,340.00,'2025-04-16 18:20:52',NULL),(291,12,5,345.00,'2025-04-16 18:20:52',NULL),(292,12,6,340.00,'2025-04-16 18:20:52',NULL),(293,12,7,399.00,'2025-04-16 18:20:52',NULL),(294,12,8,320.00,'2025-04-16 18:20:52',NULL),(295,12,9,350.00,'2025-04-16 18:20:52',NULL),(296,12,10,310.00,'2025-04-16 18:20:52',NULL),(297,12,11,370.00,'2025-04-16 18:20:52',NULL),(298,12,12,360.00,'2025-04-16 18:20:52',NULL),(299,12,13,380.00,'2025-04-16 18:20:52',NULL),(300,12,14,399.00,'2025-04-16 18:20:52',NULL),(301,12,15,360.00,'2025-04-16 18:20:52',NULL),(302,12,16,380.00,'2025-04-16 18:20:52',NULL),(303,12,17,310.00,'2025-04-16 18:20:52',NULL),(304,12,18,320.00,'2025-04-16 18:20:52',NULL),(305,12,19,330.00,'2025-04-16 18:20:52',NULL),(306,12,20,350.00,'2025-04-16 18:20:52',NULL),(307,12,21,340.00,'2025-04-16 18:20:52',NULL),(308,12,22,350.00,'2025-04-16 18:20:52',NULL),(309,12,23,355.00,'2025-04-16 18:20:52',0),(310,12,24,375.00,'2025-04-16 18:20:52',NULL),(311,12,25,370.00,'2025-04-16 18:20:52',NULL),(312,12,26,380.00,'2025-04-16 18:20:52',NULL),(313,13,1,400.00,'2025-04-16 18:20:52',NULL),(314,13,2,450.00,'2025-04-16 18:20:52',NULL),(315,13,3,500.00,'2025-04-16 18:20:52',1),(316,13,4,550.00,'2025-04-16 18:20:52',NULL),(317,13,5,450.00,'2025-04-16 18:20:52',NULL),(318,13,6,455.00,'2025-04-16 18:20:52',NULL),(319,13,7,475.00,'2025-04-16 18:20:52',NULL),(320,13,8,480.00,'2025-04-16 18:20:52',NULL),(321,13,9,485.00,'2025-04-16 18:20:52',NULL),(322,13,10,450.00,'2025-04-16 18:20:52',NULL),(323,13,11,455.00,'2025-04-16 18:20:52',NULL),(324,13,12,510.00,'2025-04-16 18:20:52',NULL),(325,13,13,410.00,'2025-04-16 18:20:52',NULL),(326,13,14,420.00,'2025-04-16 18:20:52',NULL),(327,13,15,430.00,'2025-04-16 18:20:52',NULL),(328,13,16,450.00,'2025-04-16 18:20:52',NULL),(329,13,17,510.00,'2025-04-16 18:20:52',NULL),(330,13,18,490.00,'2025-04-16 18:20:52',NULL),(331,13,19,499.00,'2025-04-16 18:20:52',NULL),(332,13,20,420.00,'2025-04-16 18:20:52',NULL),(333,13,21,420.00,'2025-04-16 18:20:52',NULL),(334,13,22,510.00,'2025-04-16 18:20:52',NULL),(335,13,23,500.00,'2025-04-16 18:20:52',NULL),(336,13,24,440.00,'2025-04-16 18:20:52',NULL),(337,13,25,490.00,'2025-04-16 18:20:52',0),(338,13,26,510.00,'2025-04-16 18:20:52',NULL),(339,14,1,490.00,'2025-04-16 18:20:52',0),(340,14,2,450.00,'2025-04-16 18:20:52',NULL),(341,14,3,399.00,'2025-04-16 18:20:52',NULL),(342,14,4,350.00,'2025-04-16 18:20:52',NULL),(343,14,5,340.00,'2025-04-16 18:20:52',NULL),(344,14,6,349.00,'2025-04-16 18:20:52',NULL),(345,14,7,345.00,'2025-04-16 18:20:52',NULL),(346,14,8,400.00,'2025-04-16 18:20:52',NULL),(347,14,9,360.00,'2025-04-16 18:20:52',NULL),(348,14,10,340.00,'2025-04-16 18:20:52',NULL),(349,14,11,310.00,'2025-04-16 18:20:52',NULL),(350,14,12,320.00,'2025-04-16 18:20:52',NULL),(351,14,13,410.00,'2025-04-16 18:20:52',NULL),(352,14,14,399.00,'2025-04-16 18:20:52',NULL),(353,14,15,390.00,'2025-04-16 18:20:52',NULL),(354,14,16,380.00,'2025-04-16 18:20:52',NULL),(355,14,17,399.00,'2025-04-16 18:20:52',NULL),(356,14,18,350.00,'2025-04-16 18:20:52',NULL),(357,14,19,355.00,'2025-04-16 18:20:52',NULL),(358,14,20,375.00,'2025-04-16 18:20:52',NULL),(359,14,21,385.00,'2025-04-16 18:20:52',NULL),(360,14,22,400.00,'2025-04-16 18:20:52',NULL),(361,14,23,410.00,'2025-04-16 18:20:52',NULL),(362,14,24,400.00,'2025-04-16 18:20:52',NULL),(363,14,25,420.00,'2025-04-16 18:20:52',NULL),(364,14,26,390.00,'2025-04-16 18:20:52',NULL),(365,15,1,1200.00,'2025-04-16 18:20:52',0),(366,15,2,1010.00,'2025-04-16 18:20:52',NULL),(367,15,3,1300.00,'2025-04-16 18:20:52',NULL),(368,15,4,750.00,'2025-04-16 18:20:52',NULL),(369,15,5,910.00,'2025-04-16 18:20:52',NULL),(370,15,6,690.00,'2025-04-16 18:20:52',NULL),(371,15,7,740.00,'2025-04-16 18:20:52',NULL),(372,15,8,800.00,'2025-04-16 18:20:52',NULL),(373,15,9,999.00,'2025-04-16 18:20:52',NULL),(374,15,10,660.00,'2025-04-16 18:20:52',NULL),(375,15,11,665.00,'2025-04-16 18:20:52',NULL),(376,15,12,710.00,'2025-04-16 18:20:52',NULL),(377,15,13,699.00,'2025-04-16 18:20:52',NULL),(378,15,14,750.00,'2025-04-16 18:20:52',NULL),(379,15,15,1200.00,'2025-04-16 18:20:52',NULL),(380,15,16,1010.00,'2025-04-16 18:20:52',NULL),(381,15,17,1100.00,'2025-04-16 18:20:52',NULL),(382,15,18,1050999.00,'2025-04-16 18:20:52',NULL),(383,15,19,990.00,'2025-04-16 18:20:52',NULL),(384,15,20,999.00,'2025-04-16 18:20:52',NULL),(385,15,21,850.00,'2025-04-16 18:20:52',NULL),(386,15,22,990.00,'2025-04-16 18:20:52',NULL),(387,15,23,999.00,'2025-04-16 18:20:52',NULL),(388,15,24,995.00,'2025-04-16 18:20:52',NULL),(389,15,25,770.00,'2025-04-16 18:20:52',NULL),(390,15,26,775.00,'2025-04-16 18:20:52',NULL),(391,16,1,801.00,'2025-04-16 18:20:52',0),(392,16,2,870.00,'2025-04-16 18:20:52',NULL),(393,16,3,999.00,'2025-04-16 18:20:52',NULL),(394,16,4,990.00,'2025-04-16 18:20:52',NULL),(395,16,5,799.00,'2025-04-16 18:20:52',NULL),(396,16,6,710.00,'2025-04-16 18:20:52',NULL),(397,16,7,750.00,'2025-04-16 18:20:52',NULL),(398,16,8,800.00,'2025-04-16 18:20:52',NULL),(399,16,9,810.00,'2025-04-16 18:20:52',NULL),(400,16,10,890.00,'2025-04-16 18:20:52',NULL),(401,16,11,799.00,'2025-04-16 18:20:52',NULL),(402,16,12,890.00,'2025-04-16 18:20:52',NULL),(403,16,13,750.00,'2025-04-16 18:20:52',NULL),(404,16,14,810.00,'2025-04-16 18:20:52',NULL),(405,16,15,805.00,'2025-04-16 18:20:52',NULL),(406,16,16,990.00,'2025-04-16 18:20:52',NULL),(407,16,17,991.00,'2025-04-16 18:20:52',NULL),(408,16,18,1010.00,'2025-04-16 18:20:52',NULL),(409,16,19,770.00,'2025-04-16 18:20:52',NULL),(410,16,20,999.00,'2025-04-16 18:20:52',NULL),(411,16,21,995.00,'2025-04-16 18:20:52',NULL),(412,16,22,1020.00,'2025-04-16 18:20:52',NULL),(413,16,23,999.00,'2025-04-16 18:20:52',NULL),(414,16,24,1000.00,'2025-04-16 18:20:52',NULL),(415,16,25,1010.00,'2025-04-16 18:20:52',NULL),(416,16,26,1200.00,'2025-04-16 18:20:52',NULL),(417,17,1,1959.00,'2025-04-16 18:20:52',0),(418,17,2,1950.00,'2025-04-16 18:20:52',NULL),(419,17,3,1900.00,'2025-04-16 18:20:52',NULL),(420,17,4,1800.00,'2025-04-16 18:20:52',NULL),(421,17,5,2000.00,'2025-04-16 18:20:52',NULL),(422,17,6,1750.00,'2025-04-16 18:20:52',NULL),(423,17,7,1800.00,'2025-04-16 18:20:52',NULL),(424,17,8,1890.00,'2025-04-16 18:20:52',NULL),(425,17,9,1950.00,'2025-04-16 18:20:52',NULL),(426,17,10,2050.00,'2025-04-16 18:20:52',NULL),(427,17,11,2100.00,'2025-04-16 18:20:52',NULL),(428,17,12,2200.00,'2025-04-16 18:20:52',NULL),(429,17,13,1770.00,'2025-04-16 18:20:52',NULL),(430,17,14,1810.00,'2025-04-16 18:20:52',NULL),(431,17,15,1910.00,'2025-04-16 18:20:52',NULL),(432,17,16,1999.00,'2025-04-16 18:20:52',NULL),(433,17,17,2010.00,'2025-04-16 18:20:52',NULL),(434,17,18,2050.00,'2025-04-16 18:20:52',NULL),(435,17,19,1800.00,'2025-04-16 18:20:52',NULL),(436,17,20,1880.00,'2025-04-16 18:20:52',NULL),(437,17,21,1890.00,'2025-04-16 18:20:52',NULL),(438,17,22,1910.00,'2025-04-16 18:20:52',NULL),(439,17,23,1900.00,'2025-04-16 18:20:52',NULL),(440,17,24,1800.00,'2025-04-16 18:20:52',NULL),(441,17,25,1990.00,'2025-04-16 18:20:52',NULL),(442,17,26,2000.00,'2025-04-16 18:20:52',NULL),(443,18,1,3750.00,'2025-04-16 18:20:52',0),(444,18,2,4010.00,'2025-04-16 18:20:52',NULL),(445,18,3,4000.00,'2025-04-16 18:20:52',NULL),(446,18,4,3950.00,'2025-04-16 18:20:52',NULL),(447,18,5,4050.00,'2025-04-16 18:20:52',NULL),(448,18,6,4000.00,'2025-04-16 18:20:52',0),(449,18,7,4000.00,'2025-04-16 18:20:52',NULL),(450,18,8,3800.00,'2025-04-16 18:20:52',NULL),(451,18,9,4005.00,'2025-04-16 18:20:52',NULL),(452,18,10,4000.00,'2025-04-16 18:20:52',NULL),(453,18,11,3999.00,'2025-04-16 18:20:52',0),(454,18,12,4010.00,'2025-04-16 18:20:52',NULL),(455,18,13,3900.00,'2025-04-16 18:20:52',NULL),(456,18,14,3999.00,'2025-04-16 18:20:52',NULL),(457,18,15,4010.00,'2025-04-16 18:20:52',NULL),(458,18,16,4020.00,'2025-04-16 18:20:52',NULL),(459,18,17,4030.00,'2025-04-16 18:20:52',NULL),(460,18,18,4100.00,'2025-04-16 18:20:52',NULL),(461,18,19,4005.00,'2025-04-16 18:20:52',NULL),(462,18,20,3990.00,'2025-04-16 18:20:52',NULL),(463,18,21,3999.00,'2025-04-16 18:20:52',NULL),(464,18,22,4190.00,'2025-04-16 18:20:52',NULL),(465,18,23,3999.00,'2025-04-16 18:20:52',NULL),(466,18,24,4040.00,'2025-04-16 18:20:52',NULL),(467,18,25,4050.00,'2025-04-16 18:20:52',NULL),(468,18,26,4000.00,'2025-04-16 18:20:52',NULL),(469,19,1,450.00,'2025-04-16 18:20:52',NULL),(470,19,2,445.00,'2025-04-16 18:20:52',NULL),(471,19,3,420.00,'2025-04-16 18:20:52',NULL),(472,19,4,440.00,'2025-04-16 18:20:52',NULL),(473,19,5,500.00,'2025-04-16 18:20:52',NULL),(474,19,6,490.00,'2025-04-16 18:20:52',NULL),(475,19,7,495.00,'2025-04-16 18:20:52',NULL),(476,19,8,480.00,'2025-04-16 18:20:52',NULL),(477,19,9,475.00,'2025-04-16 18:20:52',NULL),(478,19,10,465.00,'2025-04-16 18:20:52',NULL),(479,19,11,480.00,'2025-04-16 18:20:52',NULL),(480,19,12,490.00,'2025-04-16 18:20:52',NULL),(481,19,13,499.00,'2025-04-16 18:20:52',NULL),(482,19,14,495.00,'2025-04-16 18:20:52',NULL),(483,19,15,500.00,'2025-04-16 18:20:52',NULL),(484,19,16,499.00,'2025-04-16 18:20:52',NULL),(485,19,17,440.00,'2025-04-16 18:20:52',NULL),(486,19,18,460.00,'2025-04-16 18:20:52',NULL),(487,19,19,470.00,'2025-04-16 18:20:52',NULL),(488,19,20,480.00,'2025-04-16 18:20:52',NULL),(489,19,21,430.00,'2025-04-16 18:20:52',NULL),(490,19,22,500.00,'2025-04-16 18:20:52',NULL),(491,19,23,499.00,'2025-04-16 18:20:52',NULL),(492,19,24,480.00,'2025-04-16 18:20:52',NULL),(493,19,25,475.00,'2025-04-16 18:20:52',0),(494,19,26,450.00,'2025-04-16 18:20:52',NULL),(495,20,1,765.00,'2025-04-16 18:20:52',0),(496,20,2,780.00,'2025-04-16 18:20:52',NULL),(497,20,3,700.00,'2025-04-16 18:20:52',NULL),(498,20,4,770.00,'2025-04-16 18:20:52',NULL),(499,20,5,710.00,'2025-04-16 18:20:52',NULL),(500,20,6,770.00,'2025-04-16 18:20:52',NULL),(501,20,7,750.00,'2025-04-16 18:20:52',NULL),(502,20,8,699.00,'2025-04-16 18:20:52',NULL),(503,20,9,750.00,'2025-04-16 18:20:52',NULL),(504,20,10,720.00,'2025-04-16 18:20:52',NULL),(505,20,11,760.00,'2025-04-16 18:20:52',NULL),(506,20,12,765.00,'2025-04-16 18:20:52',NULL),(507,20,13,790.00,'2025-04-16 18:20:52',NULL),(508,20,14,799.00,'2025-04-16 18:20:52',NULL),(509,20,15,750.00,'2025-04-16 18:20:52',0),(510,20,16,740.00,'2025-04-16 18:20:52',NULL),(511,20,17,730.00,'2025-04-16 18:20:52',NULL),(512,20,18,770.00,'2025-04-16 18:20:52',NULL),(513,20,19,720.00,'2025-04-16 18:20:52',NULL),(514,20,20,710.00,'2025-04-16 18:20:52',NULL),(515,20,21,740.00,'2025-04-16 18:20:52',NULL),(516,20,22,745.00,'2025-04-16 18:20:52',NULL),(517,20,23,699.00,'2025-04-16 18:20:52',NULL),(518,20,24,700.00,'2025-04-16 18:20:52',NULL),(519,20,25,799.00,'2025-04-16 18:20:52',NULL),(520,20,26,699.00,'2025-04-16 18:20:52',NULL),(521,21,1,400.00,'2025-04-16 18:20:52',NULL),(522,21,2,480.00,'2025-04-16 18:20:52',NULL),(523,21,3,499.00,'2025-04-16 18:20:52',NULL),(524,21,4,450.00,'2025-04-16 18:20:52',NULL),(525,21,5,440.00,'2025-04-16 18:20:52',NULL),(526,21,6,490.00,'2025-04-16 18:20:52',NULL),(527,21,7,475.00,'2025-04-16 18:20:52',NULL),(528,21,8,485.00,'2025-04-16 18:20:52',NULL),(529,21,9,480.00,'2025-04-16 18:20:52',NULL),(530,21,10,495.00,'2025-04-16 18:20:52',NULL),(531,21,11,445.00,'2025-04-16 18:20:52',NULL),(532,21,12,499.00,'2025-04-16 18:20:52',NULL),(533,21,13,480.00,'2025-04-16 18:20:52',NULL),(534,21,14,470.00,'2025-04-16 18:20:52',NULL),(535,21,15,440.00,'2025-04-16 18:20:52',NULL),(536,21,16,440.00,'2025-04-16 18:20:52',NULL),(537,21,17,480.00,'2025-04-16 18:20:52',NULL),(538,21,18,499.00,'2025-04-16 18:20:52',NULL),(539,21,19,450.00,'2025-04-16 18:20:52',NULL),(540,21,20,440.00,'2025-04-16 18:20:52',NULL),(541,21,21,480.00,'2025-04-16 18:20:52',NULL),(542,21,22,499.00,'2025-04-16 18:20:52',NULL),(543,21,23,475.00,'2025-04-16 18:20:52',NULL),(544,21,24,460.00,'2025-04-16 18:20:52',NULL),(545,21,25,450.00,'2025-04-16 18:20:52',NULL),(546,21,26,499.00,'2025-04-16 18:20:52',NULL),(547,22,1,830.00,'2025-04-24 03:48:14',NULL),(548,22,2,799.00,'2025-04-24 03:48:14',NULL),(549,22,3,840.00,'2025-04-24 03:48:14',NULL),(550,22,4,740.00,'2025-04-24 03:48:14',NULL),(551,22,5,770.00,'2025-04-24 03:48:14',NULL),(552,22,6,810.00,'2025-04-24 03:48:14',NULL),(553,22,7,835.00,'2025-04-24 03:48:14',NULL),(554,22,8,820.00,'2025-04-24 03:48:14',NULL),(555,22,9,860.00,'2025-04-24 03:48:14',NULL),(556,22,10,880.00,'2025-04-24 03:48:14',NULL),(557,22,11,830.00,'2025-04-24 03:48:14',NULL),(558,22,12,826.00,'2025-04-24 03:48:14',NULL),(559,22,13,825.00,'2025-04-24 03:48:14',NULL),(560,22,14,780.00,'2025-04-24 03:48:14',NULL),(561,22,15,700.00,'2025-04-24 03:48:14',NULL),(562,22,16,710.00,'2025-04-24 03:48:14',NULL),(563,22,17,770.00,'2025-04-24 03:48:14',NULL),(564,22,18,710.00,'2025-04-24 03:48:14',NULL),(565,22,19,730.00,'2025-04-24 03:48:14',NULL),(566,22,20,690.00,'2025-04-24 03:48:14',NULL),(567,22,21,720.00,'2025-04-24 03:48:14',NULL),(568,22,22,725.00,'2025-04-24 03:48:14',NULL),(569,22,23,790.00,'2025-04-24 03:48:14',NULL),(570,22,24,820.00,'2025-04-24 03:48:14',NULL),(571,22,25,810.00,'2025-04-24 03:48:14',NULL),(572,22,26,740.00,'2025-04-24 03:48:14',NULL),(573,24,14,450.00,'2025-04-24 04:05:42',0),(574,25,6,360.00,'2025-04-24 04:59:00',0),(613,1,1,100.00,'2025-04-26 15:40:25',NULL),(636,24,1,460.00,'2025-04-28 16:11:09',0),(638,NULL,1,260.00,'2025-04-28 19:02:02',NULL),(641,27,1,350.00,'2025-04-28 19:57:30',0),(642,31,1,330.00,'2025-04-28 20:03:46',NULL),(643,NULL,1,340.00,'2025-04-28 20:03:46',NULL),(647,32,27,63.00,'2025-10-30 12:13:11',NULL),(648,NULL,27,62.00,'2025-10-30 12:13:11',NULL),(649,35,27,342.00,'2025-10-30 12:13:59',0),(652,33,27,212.00,'2025-10-31 08:16:50',NULL),(653,NULL,27,212.00,'2025-10-31 08:16:50',NULL),(656,NULL,1,350.00,'2025-11-04 18:48:11',NULL),(658,16,3,350.00,'2025-11-04 21:17:49',NULL),(659,NULL,3,350.00,'2025-11-04 21:17:49',NULL),(660,36,27,350.00,'2025-11-05 18:07:25',1),(662,37,27,60.00,'2025-11-05 18:48:25',NULL),(663,NULL,27,60.00,'2025-11-05 18:48:25',NULL),(664,38,27,70.00,'2025-11-05 18:49:29',NULL),(665,NULL,27,70.00,'2025-11-05 18:49:29',NULL),(668,40,27,70.00,'2025-11-05 19:07:28',NULL),(669,NULL,27,70.00,'2025-11-05 19:07:28',NULL),(670,41,27,70.00,'2025-11-05 19:08:39',NULL),(671,NULL,27,70.00,'2025-11-05 19:08:39',NULL),(672,42,27,158.00,'2025-11-05 19:10:06',NULL),(673,NULL,27,158.00,'2025-11-05 19:10:06',NULL),(674,43,27,275.00,'2025-11-05 19:11:51',NULL),(675,NULL,27,275.00,'2025-11-05 19:11:51',NULL),(676,44,27,160.00,'2025-11-05 19:13:26',NULL),(677,NULL,27,160.00,'2025-11-05 19:13:26',NULL),(678,45,27,210.00,'2025-11-05 19:15:15',NULL),(679,NULL,27,210.00,'2025-11-05 19:15:15',NULL),(680,46,27,199.00,'2025-11-05 19:22:00',NULL),(681,NULL,27,199.00,'2025-11-05 19:22:00',NULL),(683,47,27,189.00,'2025-11-05 19:32:04',NULL),(684,NULL,27,189.00,'2025-11-05 19:32:04',NULL),(685,48,27,60.00,'2025-11-05 19:36:39',NULL),(686,NULL,27,60.00,'2025-11-05 19:36:39',NULL),(687,49,27,357.00,'2025-11-05 19:39:55',NULL),(688,NULL,27,357.00,'2025-11-05 19:39:55',NULL),(689,50,27,147.00,'2025-11-05 19:40:51',NULL),(690,NULL,27,147.00,'2025-11-05 19:40:51',NULL),(691,51,27,349.00,'2025-11-05 19:42:06',NULL),(692,NULL,27,349.00,'2025-11-05 19:42:06',NULL),(693,52,27,1138.00,'2025-11-05 19:46:13',NULL),(694,NULL,27,1138.00,'2025-11-05 19:46:13',NULL),(695,53,27,435.00,'2025-11-05 19:48:08',NULL),(696,NULL,27,435.00,'2025-11-05 19:48:08',NULL),(699,55,27,225.00,'2025-11-05 20:07:05',NULL),(700,NULL,27,225.00,'2025-11-05 20:07:05',NULL),(701,56,27,289.00,'2025-11-05 20:09:41',NULL),(702,NULL,27,289.00,'2025-11-05 20:09:41',NULL),(703,57,27,289.00,'2025-11-05 20:11:36',NULL),(704,NULL,27,289.00,'2025-11-05 20:11:36',NULL),(705,58,27,129.00,'2025-11-05 20:18:44',NULL),(706,NULL,27,129.00,'2025-11-05 20:18:44',NULL),(707,59,27,99.00,'2025-11-05 20:20:02',NULL),(708,NULL,27,99.00,'2025-11-05 20:20:02',NULL),(709,60,27,129.00,'2025-11-05 20:21:08',NULL),(710,NULL,27,129.00,'2025-11-05 20:21:08',NULL),(711,61,27,199.00,'2025-11-05 20:23:23',NULL),(712,NULL,27,199.00,'2025-11-05 20:23:23',NULL),(713,38,28,69.00,'2025-11-05 20:30:50',1),(714,40,28,75.00,'2025-11-05 20:32:01',NULL),(715,41,28,70.00,'2025-11-05 20:32:13',NULL),(716,35,28,360.00,'2025-11-05 20:32:49',NULL),(717,42,28,150.00,'2025-11-05 20:33:16',NULL),(718,43,28,262.00,'2025-11-05 20:33:58',NULL),(719,44,28,165.00,'2025-11-05 20:34:18',NULL),(720,45,28,205.00,'2025-11-05 20:34:34',NULL),(721,46,28,200.00,'2025-11-05 20:34:48',NULL),(722,47,28,190.00,'2025-11-05 20:35:04',NULL),(723,33,28,215.00,'2025-11-05 20:36:13',NULL),(724,48,28,55.00,'2025-11-05 20:36:26',NULL),(725,49,28,360.00,'2025-11-05 20:36:50',NULL),(726,50,28,150.00,'2025-11-05 20:37:03',NULL),(727,51,28,350.00,'2025-11-05 20:37:18',NULL),(728,36,28,355.00,'2025-11-05 20:37:39',NULL),(729,52,28,1140.00,'2025-11-05 20:37:59',NULL),(730,53,28,430.00,'2025-11-05 20:38:13',NULL),(731,32,28,67.00,'2025-11-05 20:38:33',NULL),(732,55,28,230.00,'2025-11-05 20:38:47',NULL),(733,56,28,275.00,'2025-11-05 20:39:05',NULL),(734,57,28,275.00,'2025-11-05 20:39:20',NULL),(735,37,28,60.00,'2025-11-05 20:39:36',NULL),(736,58,28,128.00,'2025-11-05 20:39:49',NULL),(737,59,28,100.00,'2025-11-05 20:40:02',NULL),(738,60,28,130.00,'2025-11-05 20:40:16',NULL),(739,61,28,200.00,'2025-11-05 20:40:28',NULL),(740,38,29,65.00,'2025-11-05 20:47:56',NULL),(741,40,29,70.00,'2025-11-05 20:48:08',NULL),(742,41,29,70.00,'2025-11-05 20:48:20',NULL),(743,35,29,355.00,'2025-11-05 20:49:04',NULL),(744,42,29,149.00,'2025-11-05 20:49:23',NULL),(745,43,29,265.00,'2025-11-05 20:49:39',1),(746,44,29,155.00,'2025-11-05 20:49:58',NULL),(747,45,29,215.00,'2025-11-05 20:50:47',NULL),(748,46,29,200.00,'2025-11-05 20:51:18',NULL),(749,47,29,200.00,'2025-11-05 20:51:38',NULL),(750,33,29,230.00,'2025-11-05 20:52:57',NULL),(751,48,29,60.00,'2025-11-05 20:53:17',NULL),(752,49,29,345.00,'2025-11-05 20:53:37',NULL),(753,50,29,148.00,'2025-11-05 20:54:06',NULL),(754,51,29,360.00,'2025-11-05 20:54:41',NULL),(755,36,29,360.00,'2025-11-05 20:56:04',NULL),(757,52,29,1145.00,'2025-11-05 20:58:56',NULL),(758,53,29,425.00,'2025-11-05 20:59:14',NULL),(759,32,29,68.00,'2025-11-05 20:59:44',NULL),(760,55,29,235.00,'2025-11-05 21:00:08',NULL),(761,56,29,280.00,'2025-11-05 21:00:28',NULL),(762,57,29,280.00,'2025-11-05 21:00:39',NULL),(763,37,29,65.00,'2025-11-05 21:01:10',NULL),(764,58,29,130.00,'2025-11-05 21:01:27',NULL),(766,59,29,110.00,'2025-11-05 21:02:56',NULL),(767,60,29,130.00,'2025-11-05 21:03:12',NULL),(768,61,29,210.00,'2025-11-05 21:03:28',NULL),(769,38,30,75.00,'2025-11-05 21:09:43',NULL),(770,40,30,75.00,'2025-11-05 21:09:52',NULL),(771,41,30,75.00,'2025-11-05 21:10:03',NULL),(772,35,30,360.00,'2025-11-05 21:10:25',NULL),(773,42,30,155.00,'2025-11-05 21:10:38',NULL),(774,43,30,280.00,'2025-11-05 21:10:53',NULL),(775,44,30,165.00,'2025-11-05 21:11:10',NULL),(776,45,30,210.00,'2025-11-05 21:11:27',NULL),(777,46,30,198.00,'2025-11-05 21:11:39',NULL),(779,47,30,200.00,'2025-11-05 21:13:36',NULL),(780,36,30,355.00,'2025-11-05 21:13:58',NULL),(781,52,30,1150.00,'2025-11-05 21:14:10',NULL),(782,53,30,440.00,'2025-11-05 21:14:28',NULL),(783,32,30,60.00,'2025-11-05 21:14:46',NULL),(784,55,30,230.00,'2025-11-05 21:15:02',NULL),(785,56,30,290.00,'2025-11-05 21:15:16',1),(786,57,30,290.00,'2025-11-05 21:15:27',NULL),(787,37,30,65.00,'2025-11-05 21:15:54',NULL),(788,58,30,130.00,'2025-11-05 21:16:07',NULL),(789,59,30,100.00,'2025-11-05 21:16:19',NULL),(790,60,30,135.00,'2025-11-05 21:16:31',NULL),(791,61,30,140.00,'2025-11-05 21:16:42',NULL),(792,38,31,65.00,'2025-11-05 21:27:17',NULL),(793,40,31,65.00,'2025-11-05 21:27:29',NULL),(794,41,31,65.00,'2025-11-05 21:27:54',NULL),(795,35,31,340.00,'2025-11-05 21:28:54',1),(796,42,31,160.00,'2025-11-05 21:29:10',NULL),(797,43,31,275.00,'2025-11-05 21:29:21',NULL),(798,44,31,160.00,'2025-11-05 21:29:38',NULL),(799,45,31,218.00,'2025-11-05 21:29:58',NULL),(800,46,31,199.00,'2025-11-05 21:30:10',NULL),(801,47,31,199.00,'2025-11-05 21:30:28',NULL),(802,33,31,215.00,'2025-11-05 21:31:11',NULL),(803,48,31,65.00,'2025-11-05 21:31:22',NULL),(804,49,31,360.00,'2025-11-05 21:31:40',NULL),(805,50,31,147.00,'2025-11-05 21:31:54',NULL),(806,51,31,355.00,'2025-11-05 21:33:09',NULL),(807,36,31,350.00,'2025-11-05 21:33:23',NULL),(808,52,31,1148.00,'2025-11-05 21:33:37',NULL),(809,53,31,435.00,'2025-11-05 21:33:54',NULL),(810,32,31,70.00,'2025-11-05 21:34:10',NULL),(811,55,31,225.00,'2025-11-05 21:34:26',NULL),(812,56,31,289.00,'2025-11-05 21:34:41',NULL),(813,57,31,289.00,'2025-11-05 21:34:53',NULL),(814,37,31,60.00,'2025-11-05 21:35:08',NULL),(815,58,31,135.00,'2025-11-05 21:35:19',NULL),(816,59,31,100.00,'2025-11-05 21:35:36',NULL),(817,60,31,129.00,'2025-11-05 21:35:46',NULL),(818,61,31,135.00,'2025-11-05 21:35:58',NULL);



--
-- Table structure for table "products"
--

DROP TABLE IF EXISTS "products";


CREATE TABLE "products" (
  "product_id" integer GENERATED BY DEFAULT AS IDENTITY,
  "product_name" varchar(255) NOT NULL,
  "image_path" varchar(255) NOT NULL,
  "category_id" int DEFAULT NULL,
  "country" varchar(100) DEFAULT NULL,
  PRIMARY KEY ("product_id"),
  CONSTRAINT "products_ibfk_1" FOREIGN KEY ("category_id") REFERENCES "categories" ("category_id")
);


--
-- Dumping data for table "products"
--



INSERT INTO "products" VALUES (1,'Milk (1 liter)','images/milk.jpg',1,'Hungary'),(2,'Bread (500g loaf)','images/bread.jpg',7,'Hungary'),(3,'Eggs (10 pcs)','images/eggs.jpg',1,'Hungary'),(4,'Rice (1 kg)','images/rice.jpeg',7,'Hungary'),(5,'Chicken (1 kg)','images/chicken.png',5,'Hungary'),(6,'Apples (1 kg)','images/apples.jpg',3,'Hungary'),(7,'Bananas (1 kg)','images/bananas.avif',3,'Hungary'),(8,'Oranges (1 kg)','images/oranges.jpg',3,'Hungary'),(9,'Tomatoes (1 kg)','images/tomatoes.jpg',4,'Hungary'),(10,'Potatoes (1 kg)','images/potatoes.jpg',4,'Hungary'),(11,'Onions (1 kg)','images/onions.jpg',4,'Hungary'),(12,'Carrots (1 kg)','images/carrots.jpg',4,'Hungary'),(13,'Pasta (500g)','images/pasta.jpg',7,'Hungary'),(14,'Sugar (1 kg)','images/sugar.jpg',7,'Hungary'),(15,'Cooking Oil (1 liter)','images/cooking_oil.png',7,'Hungary'),(16,'Butter (250g)','images/butter-1762291069068.jpg',1,'Hungary'),(17,'Fish (0.5 kg)','images/fish.jpg',5,'Hungary'),(18,'Beef (0.5 kg)','images/beef.jpg',5,'Hungary'),(19,'White Chocolate (100g)','images/white_chocolate.jpg',6,'Hungary'),(20,'Fanta Orange (500ml)','images/fanta_orange.png',2,'Hungary'),(21,'Strawberry_Yoghurt (500ml)','images/yoghurt.jpg',1,'Hungary'),(22,'Lay Chips','images/productImage-1745466494582-561404660.jpg',8,'Hungary'),(24,'Milka Dark Chocolate','images/milka_dark_chocolate-1745467542914.png',6,'Hungary'),(25,'Cabbage(1kg)','images/Cabbage-1745470740876.png',4,'Hungary'),(27,'Sprite','images/sprite-1745490874801.png',2,'Hungary'),(29,'Haribo_Gummy_Bears','images/haribo_gummy_bears-1745686292355.jpg',6,'Hungary'),(30,'Onion Rings','images/onion_rings-1745866921981.jpg',8,'Hungary'),(31,'CocaCola','images/coca_cola-1745870626213.png',2,'Hungary'),(32,'Chevda','images/chevda_original-1761826391269.jpg',8,'Kenya'),(33,'Spaghetti','images/spaghetti-1761898610790.png',7,'Kenya'),(35,'Butter(250g)','images/butter.jpg',1,'Kenya'),(36,'Beef (0.5 kg)','images/beeff-1762366045409.jpg',5,'Kenya'),(37,'Cabbage(1kg)','images/Cabbage-1745470740876-1762368505461.png',4,'Kenya'),(38,'Fanta Orange (500ml)','images/fanta_orangee-1762368569338.png',2,'Kenya'),(40,'Sprite(500ml)','images/Spriteee-1762369648355.jpg',2,'Kenya'),(41,'CocaCola(500ml)','images/coca_colaa-1762369719896.png',2,'Kenya'),(42,'Milk (1 liter)','images/milkk-1762369806800.jpg',1,'Kenya'),(43,'Eggs (15 pcs)','images/eggss-1762369911020.jpeg',1,'Kenya'),(44,'Strawberry_Yoghurt (500ml)','images/yoghurtt-1762370006552.jpg',1,'Kenya'),(45,'Apples (6 pcs)','images/appless-1762370115110.jpg',3,'Kenya'),(46,'Bananas (1 kg)','images/bananass-1762370520709.jpg',3,'Kenya'),(47,'Oranges (1 kg)','images/oranges-1762371124739.jpg',3,'Kenya'),(48,'Bread (500g loaf)','images/breadd-1762371399386.jpg',7,'Kenya'),(49,'Rice (1 kg)','images/ricee-1762371595431.jpg',7,'Kenya'),(50,'Sugar (1 kg)','images/sugarr-1762371651025.jpg',7,'Kenya'),(51,'Cooking Oil (1 liter)','images/cooking_oill-1762371726381.jpg',7,'Kenya'),(52,'Chicken (1 kg)','images/chickenn-1762371973880.jpg',5,'Kenya'),(53,'Fish (0.5 kg)','images/fish-1762372088811.jpg',5,'Kenya'),(55,'Tropical Heat Snacks(Salt &Vinegar) Potato Crisps 200g','images/tropical_crisps_salt_and_vinegar-1762373225062.png',8,'Kenya'),(56,'White Chocolate (80g)','images/white_chocolatee-1762373381445.jpg',6,'Kenya'),(57,'Milk Chocolate (80g)','images/brown_chocolate-1762373496129.jpg',6,'Kenya'),(58,'Tomatoes (1 kg)','images/tomatoes-1762373924753.jpg',4,'Kenya'),(59,'Potatoes (1 kg)','images/potatoes-1762374002877.jpg',4,'Kenya'),(60,'Red Onions (1 kg)','images/red_onions-1762374068547.png',4,'Kenya'),(61,'White Onions (1 kg)','images/white_onions-1762374203677.jpg',4,'Kenya');



--
-- Table structure for table "reviews"
--

DROP TABLE IF EXISTS "reviews";


CREATE TABLE "reviews" (
  "review_id" integer GENERATED BY DEFAULT AS IDENTITY,
  "customer_id" int NOT NULL,
  "product_id" int NOT NULL,
  "location_id" bigint  NOT NULL,
  "rating" int NOT NULL,
  "comment" text,
  "created_at" timestamp NULL DEFAULT CURRENT_TIMESTAMP,
  PRIMARY KEY ("review_id"),
  CONSTRAINT "reviews_ibfk_1" FOREIGN KEY ("customer_id") REFERENCES "customers" ("user_id"),
  CONSTRAINT "reviews_ibfk_2" FOREIGN KEY ("product_id") REFERENCES "products" ("product_id"),
  CONSTRAINT "reviews_ibfk_3" FOREIGN KEY ("location_id") REFERENCES "supermarket_locations" ("location_id") ON DELETE CASCADE ON UPDATE CASCADE,
  CONSTRAINT "reviews_chk_1" CHECK (("rating" between 1 and 5))
);


--
-- Dumping data for table "reviews"
--



INSERT INTO "reviews" VALUES (12,21,21,1,5,'The yoghurt was really good.','2025-04-29 10:39:58'),(13,57,35,27,5,'I love love','2025-11-05 13:00:29');



--
-- Table structure for table "supermarket_locations"
--

DROP TABLE IF EXISTS "supermarket_locations";


CREATE TABLE "supermarket_locations" (
  "location_id" bigint  NOT NULL ,
  "location_name" varchar(100) DEFAULT NULL,
  "supermarket_id" int DEFAULT NULL,
  "latitude" decimal(10,8) NOT NULL,
  "longitude" decimal(11,8) NOT NULL,
  "country" varchar(100) DEFAULT NULL,
  "currency_code" varchar(10) DEFAULT NULL,
  PRIMARY KEY ("location_id"),
  CONSTRAINT "fk_supermarket" FOREIGN KEY ("supermarket_id") REFERENCES "supermarkets" ("supermarket_id") ON DELETE CASCADE
);


--
-- Dumping data for table "supermarket_locations"
--



INSERT INTO "supermarket_locations" VALUES (1,'Aldi-Terez',1,47.50775660,19.06445503,'Hungary','HUF'),(2,'Lidl-Nepsz',2,47.49685564,19.07303810,'Hungary','HUF'),(3,'Spar-Lipot',3,47.50462571,19.05724525,'Hungary','HUF'),(4,'Aldi-Erzebet',1,47.50182396,19.07112837,'Hungary','HUF'),(5,'Lidl-Blaha',2,47.49660511,19.06954050,'Hungary','HUF'),(6,'Penny-Ujlipot',4,47.51993053,19.05398369,'Hungary','HUF'),(7,'Spar-Varos',3,47.51355406,19.08419609,'Hungary','HUF'),(8,'Aldi-Margit',1,47.51471348,19.05003548,'Hungary','HUF'),(9,'Lidl-Oktogon',2,47.50420126,19.06357527,'Hungary','HUF'),(10,'Spar-Astoria',3,47.49421432,19.06269550,'Hungary','HUF'),(11,'Penny-Opera',4,47.50243279,19.05945539,'Hungary','HUF'),(12,'Penny-Nyugati',4,47.51095570,19.05795336,'Hungary','HUF'),(13,'Aldi-Keleti',1,47.49925945,19.08132076,'Hungary','HUF'),(14,'Aldi-Egyetem',1,47.47358455,19.05923009,'Hungary','HUF'),(15,'Lidl-Petofi',2,47.47676081,19.05976653,'Hungary','HUF'),(16,'Spar-InfoPark',3,47.47093821,19.06048536,'Hungary','HUF'),(17,'Penny-Lagyma',4,47.47481737,19.05665517,'Hungary','HUF'),(18,'Aldi-Boraros',1,47.48006218,19.06870365,'Hungary','HUF'),(19,'Lidl-Moricz',2,47.47731985,19.04795408,'Hungary','HUF'),(20,'Spar-Kelenfold',3,47.46631239,19.04115200,'Hungary','HUF'),(21,'Penny-Harminc',4,47.48961219,19.07020032,'Hungary','HUF'),(22,'Aldi-Fovam',1,47.48636885,19.05778170,'Hungary','HUF'),(23,'Lidl-Goncz Arpad',2,47.53662161,19.06994820,'Hungary','HUF'),(24,'Spar-Csepel',3,47.39783176,19.05020714,'Hungary','HUF'),(25,'Penny-Szentendre',4,47.67175619,19.07827377,'Hungary','HUF'),(26,'Aldi-Liszt Ferenc',1,47.43639545,19.25602913,'Hungary','HUF'),(27,'Naivas-Ngara',5,-1.27228845,36.82870388,'Kenya','KES'),(28,'QuickMart-Kahawa Wendani',9,-1.19660335,36.92449093,'Kenya','KES'),(29,'Magunas-Ruiru',8,-1.14715578,36.96099043,'Kenya','KES'),(30,'Carrefour-Garden City',6,-1.23262378,36.87874049,'Kenya','KES'),(31,'EastMatt-CBD',10,-1.28334821,36.81620747,'Kenya','KES');



--
-- Table structure for table "supermarkets"
--

DROP TABLE IF EXISTS "supermarkets";


CREATE TABLE "supermarkets" (
  "supermarket_id" integer GENERATED BY DEFAULT AS IDENTITY,
  "supermarket_name" varchar(255) NOT NULL,
  "image_path" varchar(255) DEFAULT NULL,
  PRIMARY KEY ("supermarket_id")
);


--
-- Dumping data for table "supermarkets"
--



INSERT INTO "supermarkets" VALUES (1,'Aldi','images/SupermarketLogos/Aldi.png'),(2,'Lidl','images/SupermarketLogos/Lidl.png'),(3,'Spar','images/SupermarketLogos/Spar.png'),(4,'Penny','images/SupermarketLogos/Penny.png'),(5,'Naivas','images/SupermarketLogos/Naivas.jpg'),(6,'Carrefour','images/SupermarketLogos/Carrefour.png'),(7,'Cleanshelf','images/SupermarketLogos/Cleanshelf.png'),(8,'Magunas','images/SupermarketLogos/Magunas.png'),(9,'QuickMart','images/SupermarketLogos/QuickMart.png'),(10,'EastMatt','images/SupermarketLogos/EastMatt.png'),(11,'Uchumi','images/SupermarketLogos/Uchumi.png');












-- Dump completed on 2025-11-06 18:16:59
